usage_row_index,source_id,source_row_index,record_id,text_row_index,text_id,text_sha256
0,positivos,0,CAP-V2_001-TPL_01,0,TXT-0001,84e939eafb084dff790f0fdfd595d80103765300bc417b615c202737f4f6129c
1,positivos,1,CAP-V2_001-TPL_02,1,TXT-0002,427e2b76f2970447a3d4dc73b6daa77b086849bee2cfe23117d887eea41ff31f
2,positivos,2,CAP-V2_001-TPL_03,2,TXT-0003,d3c2186a22d5e327cb9dbd542679b27e582b97c984175a675a6c260be1cbe9b5
3,positivos,3,CAP-V2_001-TPL_04,3,TXT-0004,e9295bcc3d693f9d516878410aab92abc79b7790c2ea9630184cd024d8b22116
4,positivos,4,CAP-V2_001-TPL_05,4,TXT-0005,a504482ae05d01e341869cf68db9520aaf101ff40c3b8504d71927903afaf2a8
5,positivos,5,CAP-V2_002-TPL_01,5,TXT-0006,5b0e7814b78265de3ce0a1cadc203e184565520ce0344033ed23b1e852e9ec43
6,positivos,6,CAP-V2_002-TPL_02,6,TXT-0007,4f1d08da34a4df2ca4388867039e313729a0ff853a35ab9332ce14514d44757c
7,positivos,7,CAP-V2_002-TPL_03,7,TXT-0008,31b45e7833d3cb1084f2a793c7f6d688c941295a5f734683b64326753c05a06c
8,positivos,8,CAP-V2_002-TPL_04,8,TXT-0009,917581bfde27a3536b3a09b370f476a286977b80625d7b1c72385e9c96aadc25
9,positivos,9,CAP-V2_002-TPL_05,9,TXT-0010,575930601a498b1be1144fc3d1aa14baaa8fe022e18d3957382815894f1eb9ab
10,positivos,10,CAP-V2_003-TPL_01,10,TXT-0011,58173b82a0b54909da8da67aeaf2bddb4e835cf84deb6c4fffec81e9e2b51c54
11,positivos,11,CAP-V2_003-TPL_02,11,TXT-0012,8b0997dcdc2261646a6756e5fbf10b257750ccaf0e49c44b8ffe4bdf55272469
12,positivos,12,CAP-V2_003-TPL_03,12,TXT-0013,88b4c87a50701f0f1821d40f5264050cff54e514eaf95d932146660566689b9d
13,positivos,13,CAP-V2_003-TPL_04,13,TXT-0014,2829446f0eafc5746f3a2509026813e19b4260a9c788ec9df6ba3ad59c36cb9a
14,positivos,14,CAP-V2_003-TPL_05,14,TXT-0015,711f82f194807f585e7cc30afc4ecd3139f4b7d07f86e0601c49f8e1bc62fa16
15,positivos,15,CAP-V2_004-TPL_01,15,TXT-0016,edb688349ab3fb3842bd0b03e1317b202fa6f7b67f5590c5802ee1e069685283
16,positivos,16,CAP-V2_004-TPL_02,16,TXT-0017,d6fca232bdf7bf93a5b7090d73f0416f30b4d45d025e2b48623493903b74682c
17,positivos,17,CAP-V2_004-TPL_03,17,TXT-0018,a34006ccde0ee1e70bfcee95a47f3d02257892049c2ff40616914da979b0bfa1
18,positivos,18,CAP-V2_004-TPL_04,18,TXT-0019,c24f235542d9e6dbfab6621de3304cda6fc1611798c394947b661db8055d13db
19,positivos,19,CAP-V2_004-TPL_05,19,TXT-0020,2dee1f211ff5034ba897c7c85a762339dd76b2ce50a155455d7dba11cc3844ac
20,positivos,20,CAP-V2_005-TPL_01,20,TXT-0021,adb2799492b9914413ea999edec58a5f53b8494a59aeba0ba4cc201449833575
21,positivos,21,CAP-V2_005-TPL_02,21,TXT-0022,2ce22400ab855141e748d90db6ec129d7f9b2b28022f365ad93957b546a1ca37
22,positivos,22,CAP-V2_005-TPL_03,22,TXT-0023,3a981b3c89d7cc11af6b701ec6211928ed447a15367c63ddbb4612fee98e0063
23,positivos,23,CAP-V2_005-TPL_04,23,TXT-0024,383cdc1ff8ae56413708c87349e0ec6229670e42baeaca1e84e08cf0b147a8e3
24,positivos,24,CAP-V2_005-TPL_05,24,TXT-0025,722bf74cd8410923951462fb0b554e2bf4d57538b86e9b2a3a61085d38247035
25,positivos,25,CAP-V2_006-TPL_01,25,TXT-0026,37c6aa35b8bf15ef1b40b8c44f46fbadd2a5395736edae7ce78c85e8abf72787
26,positivos,26,CAP-V2_006-TPL_02,26,TXT-0027,e212022e3f92278302a1457e3016b9f3e454904333d4018a5f48c7fcc6ba5fe1
27,positivos,27,CAP-V2_006-TPL_03,27,TXT-0028,55e05c18fd1c9e560d014d9f1f6fdd635797efcd76d57e49efcaf2049b94ef27
28,positivos,28,CAP-V2_006-TPL_04,28,TXT-0029,9bd9b3a60cb1483377273eacb76d7770955c449cde921176889e313ccefb298a
29,positivos,29,CAP-V2_006-TPL_05,29,TXT-0030,f27d58be2511021f8a768d5ef01c4c59e490ef53fc4b2242815d92c98e795272
30,positivos,30,CAP-V2_007-TPL_01,30,TXT-0031,7f8c12c6b6b9f23631236e8d578e793464df7022624cd580e5a3ee4793cfddb9
31,positivos,31,CAP-V2_007-TPL_02,31,TXT-0032,670ada1736d755a2274b91e16aaa63a648e64f157e467dd7450b2d27445468a6
32,positivos,32,CAP-V2_007-TPL_03,32,TXT-0033,8306b3d815500bc7ed58e895056c0453f0d8b3098a1c25061f8696c06344f4c1
33,positivos,33,CAP-V2_007-TPL_04,33,TXT-0034,22ab6ebedff8a1cc556fee810147838692678122a15e4c21357465c4f850ae69
34,positivos,34,CAP-V2_007-TPL_05,34,TXT-0035,b3b94c197ed659bf84a376e8d312c443113c7299f8f4d2fcbe2f8610fd2cd35e
35,positivos,35,CAP-V2_008-TPL_01,35,TXT-0036,dc95cbf8badee2b2fea8d2d26e3eeb726a78c4c1c4fb6e2f4c0af6ec52ea0d51
36,positivos,36,CAP-V2_008-TPL_02,36,TXT-0037,f5840d458b0ca5ab2930b9f6e584afd6c78687b7b90d3ca3fb5bd3be2b3875de
37,positivos,37,CAP-V2_008-TPL_03,37,TXT-0038,a30ca2c92b8f9839ab6025265f774a775d2e53c578f37351af4d14d2553b6a6d
38,positivos,38,CAP-V2_008-TPL_04,38,TXT-0039,956a1c94cc1b957782f421d872d8641b05e8e7af0bce8137233fe9910dbfcc09
39,positivos,39,CAP-V2_008-TPL_05,39,TXT-0040,79369f1e36a8a343444a3aec91fccb1a273c377aae07d617d8b3e4f79e90179d
40,positivos,40,CAP-V2_009-TPL_01,40,TXT-0041,bc085670f5620cf71de15c3c5894f3d4750e7dc5142f863dde1ecbcb828ed4c5
41,positivos,41,CAP-V2_009-TPL_02,41,TXT-0042,40262caba91ee254dff15041a8bd1445b83258679646f7ae09c8b0c6a618ee61
42,positivos,42,CAP-V2_009-TPL_03,42,TXT-0043,5d29897e6301ec6831f9964bc95f3e2a3d9bed83242ebc2fb6aecdd1dae01694
43,positivos,43,CAP-V2_009-TPL_04,43,TXT-0044,6b9c1180fea1d5c8a7e912eb601ec1bf223c4a7f89fb6cdc8adce12ce4f69de9
44,positivos,44,CAP-V2_009-TPL_05,44,TXT-0045,5f2ce9b1872e339e4645e623af243a72d06aa68f3917799dbcf741d85281c639
45,positivos,45,CAP-V2_010-TPL_01,45,TXT-0046,551534df8b5a7aa8be5b5e88d1d0a96becce2e37dfe1226c0daafcbc13474875
46,positivos,46,CAP-V2_010-TPL_02,46,TXT-0047,171d31929ada5dada84b8700b2ff921134806956c18d7b1ff7dc06ab4e33ba6f
47,positivos,47,CAP-V2_010-TPL_03,47,TXT-0048,781e7e095f5a129d5ab027dfd284ade8f2905b85cb627e93f8a64d05e8ffe71a
48,positivos,48,CAP-V2_010-TPL_04,48,TXT-0049,c3679611762258ee40769958d0f0c02cdb076800affbb8ecf934f2f6bfc07504
49,positivos,49,CAP-V2_010-TPL_05,49,TXT-0050,e720a47b719716d7318b1a3d96e1ee66534c5fffa64ae497d8a8e1196f946444
50,positivos,50,CAP-V2_011-TPL_01,50,TXT-0051,29338237967537da3689364f3169596aedc00c3a8a184a85595cee1119f65c68
51,positivos,51,CAP-V2_011-TPL_02,51,TXT-0052,021b04035d0cf6d8a81ea4483aed2f6b0775bd900758f342d57595d5efc9c5cd
52,positivos,52,CAP-V2_011-TPL_03,52,TXT-0053,4543d0a3143f2854af6a5129ca57ac6a505751bd58235fa92e3876c7e9140f66
53,positivos,53,CAP-V2_011-TPL_04,53,TXT-0054,5021844d380f1dc037f5a89d4e7cb4cda623e5e145639cd3ea82f907dd89c14b
54,positivos,54,CAP-V2_011-TPL_05,54,TXT-0055,c251d45eb6b9e7b5200f7f94992797865bf0d9d375be603e96cfe11b76087716
55,positivos,55,CAP-V2_012-TPL_01,55,TXT-0056,572278c0c78e7ff7c02f9e58f84e366a259b51561ff49614835ae3746042fb67
56,positivos,56,CAP-V2_012-TPL_02,56,TXT-0057,b2f6846ae5ab0c03fa360f75953617e1d7a56418a371f076610b2e81c52d783c
57,positivos,57,CAP-V2_012-TPL_03,57,TXT-0058,35457d267bf48b35c38af68587f18c1014379440126736c84290cc44e5fe58d8
58,positivos,58,CAP-V2_012-TPL_04,58,TXT-0059,4361355b5a9305b6c41e335dc9abe5e9c12289225653eda6060915eb4672f4ee
59,positivos,59,CAP-V2_012-TPL_05,59,TXT-0060,1eb95e25ae8e6be292c8c1b2dbefb36d854935a4e1e5ca86fb33bf195937cd90
60,positivos,60,CAP-V2_013-TPL_01,60,TXT-0061,e6be548cdc2a938ccbdc9000d0b0cc2e388a073cc31df760a93448d8219ff40a
61,positivos,61,CAP-V2_013-TPL_02,61,TXT-0062,21b26f527f05624259a0e281b78f8eca66800800683984d7b592ffe1d288710e
62,positivos,62,CAP-V2_013-TPL_03,62,TXT-0063,48a0dee7ba1ec00a861274a62a2d1d50442429bd08b19ed0a56fdea7ba516665
63,positivos,63,CAP-V2_013-TPL_04,63,TXT-0064,22d05b8040179a87f19ed81ecd34ccfcfe2cc5319ae3e0c38ecb8fb230816754
64,positivos,64,CAP-V2_013-TPL_05,64,TXT-0065,b3aeaf4ca5cd487a26edb09a531e9169faa4e9d7362dc1177da9ea4b515f2efd
65,positivos,65,CAP-V2_014-TPL_01,65,TXT-0066,8f7cf49c5be2ccbbbaaaaccb459d14850ee61d273267d750007b31558b81c913
66,positivos,66,CAP-V2_014-TPL_02,66,TXT-0067,26dbebd3c377eb5630177d7a7575ad34e5ae971ccbd9f0aefd73a74cd6b3a942
67,positivos,67,CAP-V2_014-TPL_03,67,TXT-0068,e138bbeada7a7c8deb83a0c2e2b88d37a6af9fc1f549f467ff286e0b9cfc48ec
68,positivos,68,CAP-V2_014-TPL_04,68,TXT-0069,21dceb5316e4c49baa0b169b7784ea34454271aacfbecd2a9a08314dbf1e9770
69,positivos,69,CAP-V2_014-TPL_05,69,TXT-0070,9ffb138d0274d0d0bb1dce040f38f28d790bc192f9a744dacb5767f389c2d62b
70,positivos,70,CAP-V2_015-TPL_01,70,TXT-0071,b2c7408029e43e52b87de220d56014c7726607dfedb300ebc98d2ed48bfdb0c0
71,positivos,71,CAP-V2_015-TPL_02,71,TXT-0072,41fe727202d9d0246b25070abd14137420a79b5ca9974293efa0afa412518d1e
72,positivos,72,CAP-V2_015-TPL_03,72,TXT-0073,df0d7e1dfc96dcde4f468400445f2cea4de2c8c6027ad581f80cb2123bce36e5
73,positivos,73,CAP-V2_015-TPL_04,73,TXT-0074,44807bdb2da30b15718421335531ecaa24d9eb23a3a3d083836588bd2d99f79c
74,positivos,74,CAP-V2_015-TPL_05,74,TXT-0075,850d720e3c102053c81d5d1125f8931d0827d7f18f28ed9eda63b19a35f7b300
75,positivos,75,CAP-V2_016-TPL_01,75,TXT-0076,5596e7f79a991d55c35de03a66475134cd34012da62e520cdaff3096be423c7a
76,positivos,76,CAP-V2_016-TPL_02,76,TXT-0077,91128e993e30fbb02fe185713a65601afd4f374a6154630965c7c83a133791c3
77,positivos,77,CAP-V2_016-TPL_03,77,TXT-0078,90aafa3ff114e275be5a96132c4a8b475dfdaf3d556555afa4d32da5d23c5606
78,positivos,78,CAP-V2_016-TPL_04,78,TXT-0079,98d9929c6a9af97a97ca977b0a301a552a639155becf1c71e5f4e2342d129cf2
79,positivos,79,CAP-V2_016-TPL_05,79,TXT-0080,2d398ede730df9934f5b2d363a9fdf894744f5fc3f4a4c9db29f467b91139114
80,positivos,80,CAP-V2_017-TPL_01,80,TXT-0081,fade7c455a97e491689c79920bfbee3b56214c5209d5f13cca5f8b15a1e32821
81,positivos,81,CAP-V2_017-TPL_02,81,TXT-0082,921817b6b4a1fd17c34bee974540202b135fae75b76f418491ff15c4a1a0a1f7
82,positivos,82,CAP-V2_017-TPL_03,82,TXT-0083,e05b9c5371cc498d0024137d23fdbe5b00effcec2a12b4c112abc5a0bb9b1bbf
83,positivos,83,CAP-V2_017-TPL_04,83,TXT-0084,ee183dc5d040ac9a3448d887a528f7c8c7fa582269e57c83b31048d485a4c6a7
84,positivos,84,CAP-V2_017-TPL_05,84,TXT-0085,818bba03b4b83939247023b4a842df1a8e700d3f00b6339c60f7a66b392258f9
85,positivos,85,CAP-V2_018-TPL_01,85,TXT-0086,099dd9e328c60d9a680d9f6c97bd9f87078d4379ed237d0e895cf2b08d01053e
86,positivos,86,CAP-V2_018-TPL_02,86,TXT-0087,99383aaca12248e494fb4d729245d078ce99a05c92f24b50cec7a6081f1881d7
87,positivos,87,CAP-V2_018-TPL_03,87,TXT-0088,a54c53ce247d35456be2a5d2f85d7fc23a2a7917c52e703ca60d3412985d26af
88,positivos,88,CAP-V2_018-TPL_04,88,TXT-0089,e6cfcb1247d066a4a4444d20d114604333a5a3b7eaa5e842246b5648aaf62930
89,positivos,89,CAP-V2_018-TPL_05,89,TXT-0090,3fd477d4b6d572c00a1e872c021466151958b93a37c110c23619e99271989b92
90,positivos,90,CAP-V2_019-TPL_01,90,TXT-0091,1547af5ac7c093f6d9bed9f051800c9abf2fb827c3a3a562dd934597718b7576
91,positivos,91,CAP-V2_019-TPL_02,91,TXT-0092,f3c0f24e9945e4d284032f64fa70167e787cc6d96596423624019168fa31d94d
92,positivos,92,CAP-V2_019-TPL_03,92,TXT-0093,a6e4fba36799cacae4582af428cb913354b4d008e52f843a9dc65374bddd5d0b
93,positivos,93,CAP-V2_019-TPL_04,93,TXT-0094,edbb11e0f71729ceb1d732f60a3d6fa2c099571fbaf343e5072c3579801fa892
94,positivos,94,CAP-V2_019-TPL_05,94,TXT-0095,eb66e50668b1fe2a3b625b56045b0e26ee567d590314d90b67c32945fdd7a912
95,positivos,95,CAP-V2_020-TPL_01,95,TXT-0096,de421ad819d5b4d630c12c5d47eac05a817f6eafba5d8063c7db55ab69eb5195
96,positivos,96,CAP-V2_020-TPL_02,96,TXT-0097,10bb1576dad6989f7ca02b6926252cd3036180863f869785e825db54ed44373d
97,positivos,97,CAP-V2_020-TPL_03,97,TXT-0098,d3a1742ba12278062d7995ac78c662e72c6e5b9ec14efac2b646ac5b6082851b
98,positivos,98,CAP-V2_020-TPL_04,98,TXT-0099,45d405c5f1e1f42f55bc8b3698def05e3cc828e906ddbddb4c65e3fa5d627ca3
99,positivos,99,CAP-V2_020-TPL_05,99,TXT-0100,43e20fb22d99cb51cdec6fd5868edce3adfcedffde6a8936f264ff10b5375777
100,positivos,100,CAP-V2_021-TPL_01,100,TXT-0101,c8f0ecae7756eead137dd868ed807273b0722696cb014331464a69d7c76fcebc
101,positivos,101,CAP-V2_021-TPL_02,101,TXT-0102,744739450c8eb1c57070384a27e0907ecc212804427c9a7d1635d24896270ac8
102,positivos,102,CAP-V2_021-TPL_03,102,TXT-0103,ba994dba079d5bb3a16b9c57ad6857e05fcb5820360e67cdd522d1a43e117756
103,positivos,103,CAP-V2_021-TPL_04,103,TXT-0104,5789a5aefaa4dd7825d3f9210cb9c72d6779a9f98c6a35fdfa5a9aea86c941c5
104,positivos,104,CAP-V2_021-TPL_05,104,TXT-0105,89be9c33c597228c3b86873abee99b1aa4fde566f75df97fff099629377bde15
105,positivos,105,CAP-V2_022-TPL_01,105,TXT-0106,b1cbec5d21808dc3117d559e730b45e9a6aecc18640577addd22472dd12fb928
106,positivos,106,CAP-V2_022-TPL_02,106,TXT-0107,d801b981687191dca0fd498cd28f0693f3d9af12bc5865b3a8937fb4c16d84a8
107,positivos,107,CAP-V2_022-TPL_03,107,TXT-0108,f76c24ad0b934bcac024bca64be2e5f82d912e58c2dfd1cd826e657674ff766d
108,positivos,108,CAP-V2_022-TPL_04,108,TXT-0109,798ea956e2c96aa1ab5fc1876b3e697b1731a4f5a085ebcf01623f6e8feac13f
109,positivos,109,CAP-V2_022-TPL_05,109,TXT-0110,86368a3507fc0319eae14ac512d27f28a82603c523bc7f96bf3a556edfea51fe
110,positivos,110,CAP-V2_023-TPL_01,110,TXT-0111,cfb119ddda3022f810e27a0fed111604c2ed2396b597b2b305b60ba55e3d42ee
111,positivos,111,CAP-V2_023-TPL_02,111,TXT-0112,ebe0f79a64d264914a54c4ade96d3ff000ccc9a78d46c03e4767940144bbb3ee
112,positivos,112,CAP-V2_023-TPL_03,112,TXT-0113,2f8aec162ea8c797df5fb62894ae52456eea0363b01809aca958213d0ab7487e
113,positivos,113,CAP-V2_023-TPL_04,113,TXT-0114,6a85b781fb812d08964481a3de5800b95a808e4002d08afab892babb37ba4d7d
114,positivos,114,CAP-V2_023-TPL_05,114,TXT-0115,243bc5d869acf8dd4d108eb4f20dbef4af0930e604a671312eac40ecc8fd70b3
115,positivos,115,CAP-V2_024-TPL_01,115,TXT-0116,1abaa86d1bd39dda4065d68a27035f07de9844808fc5648b15d30ea06be585a2
116,positivos,116,CAP-V2_024-TPL_02,116,TXT-0117,992f26ab3860df1a89fab201d468a925e623c39574ee14b4fd2b1475cdadc33c
117,positivos,117,CAP-V2_024-TPL_03,117,TXT-0118,a2bdd6117cc215f867931f64d2406211251abfbf1a998d29bb04a2a4249df4e7
118,positivos,118,CAP-V2_024-TPL_04,118,TXT-0119,1805cbf7e5e7540965142eef7f0d67a571fa2565fb743aeea4f74d28a1b71bcf
119,positivos,119,CAP-V2_024-TPL_05,119,TXT-0120,cf4f38dd3a03a3937e8e6d269686a61768ebc249502dc361fe133b5a01bbd520
120,positivos,120,CAP-V2_025-TPL_01,120,TXT-0121,bc83cfb5144d7091b1084f0df755be4b135a5e48644b5ad04ac858359b58a3b5
121,positivos,121,CAP-V2_025-TPL_02,121,TXT-0122,0a49a3e7aec236c69016cc64bbeaf2d345a02bc963dab1ef532b510f48d0df2c
122,positivos,122,CAP-V2_025-TPL_03,122,TXT-0123,87ebb9bbf0c8239eac45189187ce08480ca9e40776741b79a74b8dd7ec53993e
123,positivos,123,CAP-V2_025-TPL_04,123,TXT-0124,8ac3b7e14549f46bd26553219fcd15a2d905876e98344e75b411e9ab9fbb39e4
124,positivos,124,CAP-V2_025-TPL_05,124,TXT-0125,5169e110f769450da046316b6bf6c42ce6907a65137c8687ed30fa514d28a676
125,positivos,125,CAP-V2_026-TPL_01,125,TXT-0126,88ffc688ebfa4a8905abd903dd6dba411e41be5fba1b0971ead046691410d20b
126,positivos,126,CAP-V2_026-TPL_02,126,TXT-0127,961ba880775acba83044c5185d549794e2633558b05570c3c7d6a29367283186
127,positivos,127,CAP-V2_026-TPL_03,127,TXT-0128,9d10ff1ca0c4a49ff5ae471cb25706d59b46ec65c6ebe22ff24dd612b978f923
128,positivos,128,CAP-V2_026-TPL_04,128,TXT-0129,2c573e7ceeab6ba6bd5c7af3035426098464e721d7561d10ac9a5d9719510621
129,positivos,129,CAP-V2_026-TPL_05,129,TXT-0130,79a7b8d8a8f0c5c66ee1bdaef280ca581800f152728131c75eb99dfc06dbf3ee
130,positivos,130,CAP-V2_027-TPL_01,130,TXT-0131,7c6058084e5a136443f68f271ecd01e65f0bd284b7816eb69382c448621a9c0c
131,positivos,131,CAP-V2_027-TPL_02,131,TXT-0132,2960b469a1d2e71b85f02d11ca99342cff4273e36d5d247b13b2de0b6bfa8302
132,positivos,132,CAP-V2_027-TPL_03,132,TXT-0133,b541dc250f46cf13e063e859e09363fa304a6a7aab3f9ff11b18707f3f1776a5
133,positivos,133,CAP-V2_027-TPL_04,133,TXT-0134,4b888c8f1771b1c6659c53307a31ab98feb884a26add675886ecee959dd1548b
134,positivos,134,CAP-V2_027-TPL_05,134,TXT-0135,2a3b1be4d0d4c54b6f30c649d39836ed51fdc5d8f78bfc3d9eb076e8e7207c7e
135,positivos,135,CAP-V2_028-TPL_01,135,TXT-0136,477d3f1b28a1a2d977c4a157a74f3a63f4f0183d71e4842e742e2f9461648779
136,positivos,136,CAP-V2_028-TPL_02,136,TXT-0137,2b1de60ac21acd03e10e047e1b83b5432b4a1833082eba85a495e5913fb79608
137,positivos,137,CAP-V2_028-TPL_03,137,TXT-0138,c9d72356739b1f9a7ed652ac8c52462c6c1fcdffedeea4892de3a3a6750d340e
138,positivos,138,CAP-V2_028-TPL_04,138,TXT-0139,7c168bdf4f386936f22dc947139ab8ce757a2c9ec263958d3afd9f310f524a41
139,positivos,139,CAP-V2_028-TPL_05,139,TXT-0140,c30bec42323826bd43cf62d5e45d692f8b6e458ce7026234dfc7f998b6471275
140,positivos,140,CAP-V2_029-TPL_01,140,TXT-0141,c8bf8a072e3118987307c7ef2cc3f031ff219c8b5e2d2d41740da57be8c55c2d
141,positivos,141,CAP-V2_029-TPL_02,141,TXT-0142,2db678d360fead34f90fa4ec6cf06069bc3bde7d0b19d8520dbfa69caee708b9
142,positivos,142,CAP-V2_029-TPL_03,142,TXT-0143,61816e15f89f94f40b22f174a6b5bb11c074180541543a2a05b74838e48f8220
143,positivos,143,CAP-V2_029-TPL_04,143,TXT-0144,356a849537003f85639add198fb748a1d68a457709120396e53bfc65e1c17458
144,positivos,144,CAP-V2_029-TPL_05,144,TXT-0145,20739d0903e04e3407fff83f2ee2d970a8d3b95008d083efd9c8e435423511bc
145,positivos,145,CAP-V2_030-TPL_01,145,TXT-0146,c65695c9b8c5e56efbbc0543cc69db2c19b69afda0923318baec8a1408b0cb31
146,positivos,146,CAP-V2_030-TPL_02,146,TXT-0147,eed59e2ce3838bf7b3e5f2c25fae04cf8869fe564c3c68a28b096c743057c065
147,positivos,147,CAP-V2_030-TPL_03,147,TXT-0148,96d1729c28d49f95969e3c37eeb326b4582d008da3fe52c681d19fac86167ab4
148,positivos,148,CAP-V2_030-TPL_04,148,TXT-0149,47e0f3a8fc7e1ae6571bb854071bc2a1d12e4a0011bde2e2600ade075c6d91f6
149,positivos,149,CAP-V2_030-TPL_05,149,TXT-0150,5370b5abcfd7145b329de87f5969d013b08f6bb695689d8c5288847056efabfa
150,positivos,150,CAP-V2_031-TPL_01,150,TXT-0151,4510181f3d572f5916240991ce97faa61283b0617927b7c6dce23528054a1d1b
151,positivos,151,CAP-V2_031-TPL_02,151,TXT-0152,12ab3a00dae37d9aa64e59aacaa315793fc0210431534779330ec838f8558f55
152,positivos,152,CAP-V2_031-TPL_03,152,TXT-0153,c608d7f0508e558c36d8660158e892049b742dc3bbbd9342630ea547d0695593
153,positivos,153,CAP-V2_031-TPL_04,153,TXT-0154,9b4b22e92029a5565148a3ddab46a84f139a84d792f6aa8d557e07cfcfabeb80
154,positivos,154,CAP-V2_031-TPL_05,154,TXT-0155,3c251744753346f60f3eaba84adfbf8a23348363fd0a0a85a4f43ff9241bc3f2
155,positivos,155,CAP-V2_032-TPL_01,155,TXT-0156,50d1669c92f44c0006f228030bca2d4bc83208eddccf6a376430fb06e27dc528
156,positivos,156,CAP-V2_032-TPL_02,156,TXT-0157,71eb03a790fe1bb05dc812675f8d5172ff228bc1c1399b1f3a23008e6927ccd9
157,positivos,157,CAP-V2_032-TPL_03,157,TXT-0158,13ecbe7d61a093e434b2dd5c84ed50977076f802d3cfa0b773dbb2314eb13ffe
158,positivos,158,CAP-V2_032-TPL_04,158,TXT-0159,ba94f5d4ef231235e9750d882c89faa7cad3a78da0323c35d2389527cb9fef0d
159,positivos,159,CAP-V2_032-TPL_05,159,TXT-0160,891f2b59d3b03521a2dd08a960f1c48c0c975b678e08b0f2c63d246c9ab8034c
160,positivos,160,CAP-V2_033-TPL_01,160,TXT-0161,4efc5614dbfbf2c48a2cc7f23b125eee642aef36ccadad100adfb2ac507c51da
161,positivos,161,CAP-V2_033-TPL_02,161,TXT-0162,82fd5c546d8f587910957aaebf1b9078ff230d3b8113811285ddef9be866cd71
162,positivos,162,CAP-V2_033-TPL_03,162,TXT-0163,4a53d4de6ec799e04da903f8cb4a1fa01bf0d332147f1faa9f872d1fa7d7c737
163,positivos,163,CAP-V2_033-TPL_04,163,TXT-0164,a89f8edc48f1039124e9f8272b8340d8b3399c9d5d29b0ae55f1204a9afeedfa
164,positivos,164,CAP-V2_033-TPL_05,164,TXT-0165,b9d2de16870616a806542cac488a331fd3b2e513a96e4bc14e0fd8291a212ea0
165,positivos,165,CAP-V2_034-TPL_01,165,TXT-0166,fa7af82166dcadf35dc8f6f238b44b7620fb0c53a9e07fb018ccf6dce78a9e6a
166,positivos,166,CAP-V2_034-TPL_02,166,TXT-0167,302ae668a21820872e6dde898d2d08990125f422810567b477a336a281f44884
167,positivos,167,CAP-V2_034-TPL_03,167,TXT-0168,f06e57672ef90e8c8c52ca316bafa1341a98105c6938e55e69c311bcbc3fafe2
168,positivos,168,CAP-V2_034-TPL_04,168,TXT-0169,7b9eadebfb1f31ec7d3a546e56787e19b37f7c557d9ffac001b5a234ec9d2b22
169,positivos,169,CAP-V2_034-TPL_05,169,TXT-0170,663d49701078d6d4183863ed5bc451fcc44fdc6bbb8aeb9fa3ad4d7673891685
170,positivos,170,CAP-V2_035-TPL_01,170,TXT-0171,f5b328ee55d76417a0832dbec1d09000eaddedbb27f019bb621466551e5c21d5
171,positivos,171,CAP-V2_035-TPL_02,171,TXT-0172,ec8fd678405dfd7be4f53412b5dc50adec78c6b1e0d1e20355e75235367f017a
172,positivos,172,CAP-V2_035-TPL_03,172,TXT-0173,32e85d44028b390787bff1c24c6076aefffe8e4454912aef0afb7687c04666cd
173,positivos,173,CAP-V2_035-TPL_04,173,TXT-0174,6a703945c74a3cb2ec53f2d91467e842d934d4e9a434eeec0e8ab0a50b2d0329
174,positivos,174,CAP-V2_035-TPL_05,174,TXT-0175,7ecbdc80d2f0030d9a35235a2548e38c07fcc7e5dd0688cbc6fc4ec440f4ccc1
175,positivos,175,CAP-V2_036-TPL_01,175,TXT-0176,59a66d29753f5d5a554eefee908236f22e03d38bd586077b77a5433f27c8037e
176,positivos,176,CAP-V2_036-TPL_02,176,TXT-0177,4c6daa1ddd9fa4c84b2b965ac62b8e0297e284115a30588e47b01e4ae3efff59
177,positivos,177,CAP-V2_036-TPL_03,177,TXT-0178,db2e9db68ccbdbb379c7b9c38a7862ecd8a08c16e8221b914e40a1e63f9d1def
178,positivos,178,CAP-V2_036-TPL_04,178,TXT-0179,bb80b78b19da0df5fb78ab687105467cb9deb278b4c620fd2ae766202b543946
179,positivos,179,CAP-V2_036-TPL_05,179,TXT-0180,8ab4b2fa78f5ac0c6c03b2d9386dc078b3dadbdb9b607392ab7758479260ca93
180,positivos,180,CAP-V2_037-TPL_01,180,TXT-0181,53ea6ccd54778020b27c560c3c89cf1e36839745deca5ffdfc25615e39e311b5
181,positivos,181,CAP-V2_037-TPL_02,181,TXT-0182,c2e8a0d186c42060d68d657bd28a36fa4d10016f8cf23640aa2ca445d7fd5caa
182,positivos,182,CAP-V2_037-TPL_03,182,TXT-0183,b087b8e6fd12213a9f5e387895d509d63b42f734065959d5d1c1c6987c74920f
183,positivos,183,CAP-V2_037-TPL_04,183,TXT-0184,4f920fe2c062bbd8023a4f0c7f7f777524508b5b3d5fdde0a4354c2427ac851b
184,positivos,184,CAP-V2_037-TPL_05,184,TXT-0185,e93de355a8a1392e585ad778812ff54af6297aad503f75f284568750163e5cd8
185,positivos,185,CAP-V2_038-TPL_01,185,TXT-0186,7a3a69264437240b0a8f80cf34a148b8c1ead03045d1876177e27866967ca340
186,positivos,186,CAP-V2_038-TPL_02,186,TXT-0187,05ef38e8d0c3c86671d9fca9222b6e93b5e8ba4407a8abb230d1ab6cbfc07773
187,positivos,187,CAP-V2_038-TPL_03,187,TXT-0188,bae5c3c299a599d91ca14eed3e56185d89fb84d696b44bb7d13b6710aaee8edc
188,positivos,188,CAP-V2_038-TPL_04,188,TXT-0189,de724b7897a0b77b6c08fa66ee6ae753f27cf3bbb39e554165d624f0c4050d59
189,positivos,189,CAP-V2_038-TPL_05,189,TXT-0190,6c8c8204a30ed3f82dac97b2823cc61b7465830f634d85e31420a30cce058e30
190,positivos,190,CAP-V2_039-TPL_01,190,TXT-0191,3087651e8e65d01367942d9bf9777f1640e9bb2dbea74741258efdb516d700ea
191,positivos,191,CAP-V2_039-TPL_02,191,TXT-0192,b0f3de6732fcd576651edd608439a9989c4410f4c3a1642c8f4b01a54edeeb06
192,positivos,192,CAP-V2_039-TPL_03,192,TXT-0193,c2e298716a363c6388dd8479f333bdf5fff51d111d36397585a3528bf134565b
193,positivos,193,CAP-V2_039-TPL_04,193,TXT-0194,ea772dad5ad1a2e6edd16ecf14d6190790739727ddebd57ba24f943db699e2b5
194,positivos,194,CAP-V2_039-TPL_05,194,TXT-0195,cc4232aa75e9e993226aaa0b818bfce78db21c6d60db7f34644811b424dd5c10
195,positivos,195,CAP-V2_040-TPL_01,195,TXT-0196,1f462166cf8a7691ba722bbc9556479c452e7156ed974dc177cad9c91f4400b6
196,positivos,196,CAP-V2_040-TPL_02,196,TXT-0197,ac032c15cc76e58c0b8bf8658cb77d8c00c20fba14bfe5a6960903b7548abb6a
197,positivos,197,CAP-V2_040-TPL_03,197,TXT-0198,916dfa93097642db2d55829b8bb8cf9d0f0555316c345b6701649d046198164f
198,positivos,198,CAP-V2_040-TPL_04,198,TXT-0199,dfb3b03189baf3489d38688af632f3971896fc46ade0faaefa0e356a644018d4
199,positivos,199,CAP-V2_040-TPL_05,199,TXT-0200,77593100cc99dc97409153412ef31a02fc8b63fe37180241a8418fb50c02d2b5
200,positivos,200,CAP-V2_041-TPL_01,200,TXT-0201,c60b8c606a3ff5bdf5529ba8bf73574360bac5e286140c561cc562573207af94
201,positivos,201,CAP-V2_041-TPL_02,201,TXT-0202,09d54566aed7a38732653d919bdc9e36b9f7759fc10bc0b1850bf50e9ba723ac
202,positivos,202,CAP-V2_041-TPL_03,202,TXT-0203,afc332c550e73df79a640139735ecbae530e500b2934a53ec0bedcded8bfbd91
203,positivos,203,CAP-V2_041-TPL_04,203,TXT-0204,26e3f0dce9fc0580a18d4902718f9288fa8bfa4d8d8ca2fd32bb613f934d365c
204,positivos,204,CAP-V2_041-TPL_05,204,TXT-0205,8bf44d6977022de181a9d9eb7e8879fd134eb5324ee90ba4071d1f52572e2908
205,positivos,205,CAP-V2_042-TPL_01,205,TXT-0206,70c2544b4163e555da9186db77dd9f9bb946d413a2eb437ceda65f14677f27ef
206,positivos,206,CAP-V2_042-TPL_02,206,TXT-0207,47a9286418c514e962a1969f2532d7fca5b9130d9e9602cbb5c608f8730a41cc
207,positivos,207,CAP-V2_042-TPL_03,207,TXT-0208,11061a575400d1d87016258e427e639e41f881abe13a3d145328120657394f8e
208,positivos,208,CAP-V2_042-TPL_04,208,TXT-0209,894f4500e46e5fd75ff1d2fbefeeb1261703aaf0f2f45c5dcfe4fa7a4fad1881
209,positivos,209,CAP-V2_042-TPL_05,209,TXT-0210,7e339a817b63e10987098ab65fe3e81af37be3cb478b49d914e94042db2241cb
210,positivos,210,CAP-V2_043-TPL_01,210,TXT-0211,f4cc115002cf51ad1cc0d526932ea10e5d138d19577da83950471d8c71479722
211,positivos,211,CAP-V2_043-TPL_02,211,TXT-0212,84e7a53a6c55c6ed91aa400d5e2bd11129333fc4e97002affa4740256455fe49
212,positivos,212,CAP-V2_043-TPL_03,212,TXT-0213,89ce9ba3bd84c9b3490aed0442784a0c4bd9617736821f236f480037b14fcc73
213,positivos,213,CAP-V2_043-TPL_04,213,TXT-0214,c846d21b237476e44336f78283161fd4b1863d70a79ff25fa8010f20cddcb504
214,positivos,214,CAP-V2_043-TPL_05,214,TXT-0215,973b67085e1b75077398252967070ec1705a1238d67b72f594e501e6c307d57b
215,positivos,215,CAP-V2_044-TPL_01,215,TXT-0216,c68e76bb0dc9a71280de37bca17e98a2e4721106626878c46ad86ef8d2942c85
216,positivos,216,CAP-V2_044-TPL_02,216,TXT-0217,b4394e228a6202d1ecd8547de025fd58337eed75a97e14e078264b1c5922ab56
217,positivos,217,CAP-V2_044-TPL_03,217,TXT-0218,b44b3cfb0ab5c9c8a21bd093719970860c04d151f8610392548ba89db86af939
218,positivos,218,CAP-V2_044-TPL_04,218,TXT-0219,fce0f93c411de479e76af73669d65c861acebb93f27023366164efb75a5d1e36
219,positivos,219,CAP-V2_044-TPL_05,219,TXT-0220,2f116656c83408f165c252df16ab671fe9c022debff75e6ea432e48d30c02d5d
220,positivos,220,CAP-V2_045-TPL_01,220,TXT-0221,ffa3b35e1620293ad83ed6a0a85b0155ca08a415cc1d6866f47a06183b442c40
221,positivos,221,CAP-V2_045-TPL_02,221,TXT-0222,9af486899fe257ffbb3c33b58bfd6c9bf0b0349ade65c79699794e580a188271
222,positivos,222,CAP-V2_045-TPL_03,222,TXT-0223,e572660a8d24811b9befe904ab9e82af54f3aa0a8ae42c843e2320f11efad8a7
223,positivos,223,CAP-V2_045-TPL_04,223,TXT-0224,a9afaff7fd8772188577ab1cbf197d4e1b5ebadb94051ff31d5f3c3498ffda12
224,positivos,224,CAP-V2_045-TPL_05,224,TXT-0225,da49bbeb80c1d3d7c0b884c005f37410bebae2b4b19f946a40782ecf32c6883b
225,positivos,225,CAP-V2_046-TPL_01,225,TXT-0226,8458cda99f235a09333259dd1804143d78b84949e28014c0c3399491847b0f9a
226,positivos,226,CAP-V2_046-TPL_02,226,TXT-0227,f43f627e47e6a093cc5c1b4ba38f4bb813e5c6f40487261dc130cda14fe1eeda
227,positivos,227,CAP-V2_046-TPL_03,227,TXT-0228,14cfbd2da88332b5525b0c3aa8c5861c776b1cd02ada07a1f65a70b6c6bdb3ca
228,positivos,228,CAP-V2_046-TPL_04,228,TXT-0229,e8d5f2b7c0fe731bb7fd3dcb1bda0f9c6ed4eeab82f18a015f06f77e656ffe18
229,positivos,229,CAP-V2_046-TPL_05,229,TXT-0230,c7040f79fada6b33f0645148448a1dbc0744e867fc6e083b83f3b8a289f49407
230,positivos,230,CAP-V2_047-TPL_01,230,TXT-0231,a3febae583d475fbb0e1fb7daf417fe57d0300d291691336fca53771173e0833
231,positivos,231,CAP-V2_047-TPL_02,231,TXT-0232,831282827f7088578424c5c555425a724ece299c677b16c1d13b0c4bf11123b6
232,positivos,232,CAP-V2_047-TPL_03,232,TXT-0233,d00daa35fb63d03982543847b925329c968f3c75e84e91990d1b8810012b89bf
233,positivos,233,CAP-V2_047-TPL_04,233,TXT-0234,f3d090b38fdd657dea42cb7c6dff37286ef4e77f9e5e7489221fe75be2e82c7f
234,positivos,234,CAP-V2_047-TPL_05,234,TXT-0235,c9fa96f3b66a0a6229eba889f8312b43fc6fcf3285f5955ae4b727c92314acc1
235,positivos,235,CAP-V2_048-TPL_01,235,TXT-0236,9db3f3d330a54ba166b679a1fbedbea2905f22cd717ece391b8c80d973966920
236,positivos,236,CAP-V2_048-TPL_02,236,TXT-0237,68d478948352b46d62fa354bc7b76f642d1a5f6ac3a7546754b1e72ac9920484
237,positivos,237,CAP-V2_048-TPL_03,237,TXT-0238,268362ff1f609290d708197b7e7a596bd4f0121d3d0c0f08f5c262e2e1aa86c6
238,positivos,238,CAP-V2_048-TPL_04,238,TXT-0239,19a1439ad1331f081b83830325291dbb8d21571286385514100a179b852723ef
239,positivos,239,CAP-V2_048-TPL_05,239,TXT-0240,1c40c12c07f41458c86249aca8973e456109bc1059d4b2c16815866cffa635e1
240,positivos,240,CAP-V2_049-TPL_01,240,TXT-0241,d93991e1a84f4831cd5c46f044fcabbc1c2d5a2c65770d3070dd086f9e809c59
241,positivos,241,CAP-V2_049-TPL_02,241,TXT-0242,45c55d3500874f4cbb8235872734ce6bf2d3df68aed37f7f98c133a862d101c4
242,positivos,242,CAP-V2_049-TPL_03,242,TXT-0243,ca5d18c49770a79ef020c5310f459762ac5d900bfa50f255a307f13ee5755f42
243,positivos,243,CAP-V2_049-TPL_04,243,TXT-0244,d81bc784939dccadead149af7752e2c6c077db957ecaefbfd489aef103a3335f
244,positivos,244,CAP-V2_049-TPL_05,244,TXT-0245,5ce3f8d17f4b0d4b7556c4ea3c2bc07f3d00d72680f77952c98884b0602005c4
245,positivos,245,CAP-V2_050-TPL_01,245,TXT-0246,eadccd64750d26774289758cf5bf605c36c4fc1ea79af7cb9ef1c4cc72424520
246,positivos,246,CAP-V2_050-TPL_02,246,TXT-0247,90318ecf8707993114f1a1f89f898da8bbcfbe36aded0d9f742b6a8e8c53e3c6
247,positivos,247,CAP-V2_050-TPL_03,247,TXT-0248,57f3de06a6fc47323f090df073f63988581ca18ad064838b8f51412d1e3e769b
248,positivos,248,CAP-V2_050-TPL_04,248,TXT-0249,853e75bfa52d14ec90895a9344c3ed88c0317436d231a5c02bcdf45c6adaa541
249,positivos,249,CAP-V2_050-TPL_05,249,TXT-0250,5d0d5c9731bf5c1258913d45ddf440f2af1e83a373678b5511ca5c4ff4b8ec4f
250,positivos,250,CAP-V2_051-TPL_01,250,TXT-0251,64b08b926cd2d739b7787d2d5da8946bc0a18259e95d0d7a8e87150477df66e1
251,positivos,251,CAP-V2_051-TPL_02,251,TXT-0252,09994f522bfb1340b504263f2447b0ac07fbf1a85f76d4d98b7e3220a7f5017d
252,positivos,252,CAP-V2_051-TPL_03,252,TXT-0253,d5624778640643838c694f422c04bdcc6a6f023e15d9101ba4fdf9e3efb45231
253,positivos,253,CAP-V2_051-TPL_04,253,TXT-0254,1627b05168b622c6d7adf8a02393a406006f0238dd80d40b1e9cbc8553ce563a
254,positivos,254,CAP-V2_051-TPL_05,254,TXT-0255,47e98d0a42e626f6e6e35c7480829ff22076fda834382c9e12bb74c5dbba209a
255,positivos,255,CAP-V2_052-TPL_01,255,TXT-0256,78d65f3512d411f48ec934eebca7aeb660eb06be3912d44a1b7a96807c642b87
256,positivos,256,CAP-V2_052-TPL_02,256,TXT-0257,fee15f0b03ea63c05b6dcde0fe13852af5d376b8b34b5cc94270c1b1a2417850
257,positivos,257,CAP-V2_052-TPL_03,257,TXT-0258,16625e06b3f5388d3e3cec12fb81bb4db4fa15875a9a9f92a281381d9cd2d459
258,positivos,258,CAP-V2_052-TPL_04,258,TXT-0259,da6ab20fb88f03ead1fc9e3e2a8f511836217a4095254e9e2008f4bb84f84a69
259,positivos,259,CAP-V2_052-TPL_05,259,TXT-0260,d8837e7392912e6bfcf1919b589b1e5cdcdea0baa4ccda65c12107ddb48f6c75
260,positivos,260,CAP-V2_053-TPL_01,260,TXT-0261,dd04b21f1a98658a1b12b9bad10754851cd8c71b7a9e1c24d07b5b5456ff3a53
261,positivos,261,CAP-V2_053-TPL_02,261,TXT-0262,8d0cc8257aaad983f3a637b6bb0586a4d2095a8a68f503c775f77678bfdb0508
262,positivos,262,CAP-V2_053-TPL_03,262,TXT-0263,9b304526aa85d552bad8359ba3ad50263ee36bae8bfb7cea3bd8d3b8279852bf
263,positivos,263,CAP-V2_053-TPL_04,263,TXT-0264,bcfe2d942e04837e2b79107fed84811406bb99510555bf83d51365c7d67600d9
264,positivos,264,CAP-V2_053-TPL_05,264,TXT-0265,82fb0147b7e4e7efb98377ed3edee84ab58202d36319240cb67d9ffe658c775b
265,positivos,265,CAP-V2_054-TPL_01,265,TXT-0266,ec24925ee257f9be1947a4c573c1e19d5b24be66e5a3d5d4222a2feca5ab46af
266,positivos,266,CAP-V2_054-TPL_02,266,TXT-0267,e2f2d62da6a663d6fef076ee1d80771ba40bdba01e82e149e25e93d2e929097a
267,positivos,267,CAP-V2_054-TPL_03,267,TXT-0268,77302a150e1895b1d5101f8f21b46b9184bffd56dbe8ca02937f2c5684710828
268,positivos,268,CAP-V2_054-TPL_04,268,TXT-0269,f085dfd31b9f08bead8f3858c7f427457a9385afd278856348994fc4f62f6e9b
269,positivos,269,CAP-V2_054-TPL_05,269,TXT-0270,0a8adda82e6c9d89655ef6528363dce56ab449b8d4fd8fc19842dfe32399e91b
270,positivos,270,CAP-V2_055-TPL_01,270,TXT-0271,96e1778a99b2fe138ff5de51396173808abc7fb76f1b0d89fa549f079c7f3e7b
271,positivos,271,CAP-V2_055-TPL_02,271,TXT-0272,528a9b9f39c6d1163b4f15262d4e482603a1d56a4a8bda3b66bc416b2d6785d2
272,positivos,272,CAP-V2_055-TPL_03,272,TXT-0273,7630e450339c71cb83b66d746aef1745dc4de1c8d148e4dcb84403ab0dc58027
273,positivos,273,CAP-V2_055-TPL_04,273,TXT-0274,d5dea56b49af289504ef900b202ed785f6f319209b802b34098575482523f922
274,positivos,274,CAP-V2_055-TPL_05,274,TXT-0275,55fc0cd500969b5e1dbadc9ed0ef2a9368f6513aae72a1ffcf7cf0246120ab5e
275,positivos,275,CAP-V2_056-TPL_01,275,TXT-0276,0354aa04d6974f417ae5f303d74c668b9a4f4dcccbca7a2a9d2ff4ba410b41d4
276,positivos,276,CAP-V2_056-TPL_02,276,TXT-0277,fdfce45c00ad62bfcf39ae453fc20db043125e630026fd24643edfa7afb89bac
277,positivos,277,CAP-V2_056-TPL_03,277,TXT-0278,10287358256b563d1b85a5f33097a09d878333331074fe05b6d0132f9554cb9c
278,positivos,278,CAP-V2_056-TPL_04,278,TXT-0279,2ad99c620f0328be96d1664805bc3f0b0f35fb8cbbd0fb8968acd20eb793ba43
279,positivos,279,CAP-V2_056-TPL_05,279,TXT-0280,f81f0c8bb52be2e32a2c7496a3253df249133afeb4528f6e95d6c4baca046e87
280,sin_color,0,SCAP-A3FE31524DCA0243-TPL_01,280,TXT-0281,3e3189d59d699cf43d04f8b6e1c08ebfd0ef762bad82ae02abd844d05e204f66
281,sin_color,1,SCAP-A3FE31524DCA0243-TPL_02,281,TXT-0282,715539009ad80a747bc2d97afa186b1be8b99b1462125a1cf323898dbc2257f4
282,sin_color,2,SCAP-A3FE31524DCA0243-TPL_03,282,TXT-0283,26f4998c3e987cc28e4410a180f559e17c4e78786db4d7476eae7ff4f87bc4b8
283,sin_color,3,SCAP-A3FE31524DCA0243-TPL_04,283,TXT-0284,8ec99bf8895d263e5e881cfa7098cf6dc00a54796680ca5bd7ec250a1617280d
284,sin_color,4,SCAP-A3FE31524DCA0243-TPL_05,284,TXT-0285,a8b150c80abce8ec590d568f137a352a45ee1291576bbf31e73ca6d92f83e168
285,sin_color,5,SCAP-390DD4719A974C7E-TPL_01,285,TXT-0286,2e85a00407eadfb4291b33933dd206876299f3a5bc52028a4f061e868c4a8396
286,sin_color,6,SCAP-390DD4719A974C7E-TPL_02,286,TXT-0287,2403990ee92539cc023d9fbee2c331f3522662536c7aa6d0037e7e7ed29eb538
287,sin_color,7,SCAP-390DD4719A974C7E-TPL_03,287,TXT-0288,fd5a33739487e36684f982fe3a95a411f3ed19ac9ed0cb2250599546de02833e
288,sin_color,8,SCAP-390DD4719A974C7E-TPL_04,288,TXT-0289,94a741ccac22af578da6524c222665f8a237d36a22384fdb19adf2bd20b0d625
289,sin_color,9,SCAP-390DD4719A974C7E-TPL_05,289,TXT-0290,f7d92c5d567cec45bee9237f4a96bf43fa65ab6262f46a9b0faa3a7e436ed4ac
290,sin_color,10,SCAP-83B17E3514D80A83-TPL_01,290,TXT-0291,24df3ced46b380101d4ca71c5032213e024894ea72f086fa420d420a32ad1762
291,sin_color,11,SCAP-83B17E3514D80A83-TPL_02,291,TXT-0292,a74e0ca871bb00212280ec2e81efc2082c5001adbdbed345f824b5c1143ecbf9
292,sin_color,12,SCAP-83B17E3514D80A83-TPL_03,292,TXT-0293,a73410cf451f2db76652c13e0de262f1059aff505fdfba982d6da359e43a7744
293,sin_color,13,SCAP-83B17E3514D80A83-TPL_04,293,TXT-0294,5e204ce0315d407e2f2a1764eb13cff491d8b71ccda55e1b6f779bf8d1333828
294,sin_color,14,SCAP-83B17E3514D80A83-TPL_05,294,TXT-0295,29f091d737d6cc60053f9e035e4f45ffaa95112e9926b5be0b8e2102269a4253
295,sin_color,15,SCAP-32D96D397FD7BD30-TPL_01,295,TXT-0296,3de5df1a4e79882e1fe557c015c6091b70d38f702d0333b14e76a66fca8ac973
296,sin_color,16,SCAP-32D96D397FD7BD30-TPL_02,296,TXT-0297,3ba8fe3347a57bae57c1a7ccb8845de8b35c0f667dfd61e68c6c3660568a193b
297,sin_color,17,SCAP-32D96D397FD7BD30-TPL_03,297,TXT-0298,fef5fc335a8a5e285e3450e2726a273f54f79eed7bf706f386d1b6decb00581d
298,sin_color,18,SCAP-32D96D397FD7BD30-TPL_04,298,TXT-0299,8c8dcd2444e664f3cee5387653372e59336a535216459307a1a70559516518bf
299,sin_color,19,SCAP-32D96D397FD7BD30-TPL_05,299,TXT-0300,9b6f6345a9257968f9a0d656fd863266010ce15596a073f6822f022fd0fc0245
300,sin_color,20,SCAP-EFDC071AF166C8C3-TPL_01,300,TXT-0301,854f753f1d4b2783741e9e1dcf51be24fd675c74117af460bb46047596f15ae6
301,sin_color,21,SCAP-EFDC071AF166C8C3-TPL_02,301,TXT-0302,909319f897f84bbbc6a8eba896a1f3a4c34b10b9b34ede22d2540306fc1e2dc0
302,sin_color,22,SCAP-EFDC071AF166C8C3-TPL_03,302,TXT-0303,45c38883379e275892409270afe235ea83ced49c457bc5ee4606bfe058b567b5
303,sin_color,23,SCAP-EFDC071AF166C8C3-TPL_04,303,TXT-0304,577e7bd9d2296a637b84ded93a0867b5628479dd233dbb11059470ae111bb045
304,sin_color,24,SCAP-EFDC071AF166C8C3-TPL_05,304,TXT-0305,ad26f4bd1ccb19c762a144f2a9978f30f6899b9b95790e5244d01aab97fc8cc3
305,sin_color,25,SCAP-7193EBD1DE12399C-TPL_01,305,TXT-0306,a51892de5983bac5b22465f343b14c0c513beea879e06a2c76ece51960cf67f7
306,sin_color,26,SCAP-7193EBD1DE12399C-TPL_02,306,TXT-0307,213f22a15f57a20fbe655acc147314ecb7a7694948bde8ec42ebedf363fa4db7
307,sin_color,27,SCAP-7193EBD1DE12399C-TPL_03,307,TXT-0308,916532410efd778a6528e2ae042c0e53dac9cc033fae22fabf743e07b6c13ab7
308,sin_color,28,SCAP-7193EBD1DE12399C-TPL_04,308,TXT-0309,97ba53fc44634843ac6a64c1e9b6533f4df3e42788682bad13eea0dae3fb48d9
309,sin_color,29,SCAP-7193EBD1DE12399C-TPL_05,309,TXT-0310,71f627adbe371ddde8242c18390bca4566b85e474e6f103b201609b3d1543596
310,sin_color,30,SCAP-DBE3E9729199A70D-TPL_01,310,TXT-0311,04b6936360292136927061ba5c021c9233919804bd4fdb694263405b32ebf05c
311,sin_color,31,SCAP-DBE3E9729199A70D-TPL_02,311,TXT-0312,42eac6dfb41dc922fd3905cd04144b73a527d454feffe277cc14a09ebf9f9a33
312,sin_color,32,SCAP-DBE3E9729199A70D-TPL_03,312,TXT-0313,30c457402636a43af4471dd0acb9f405cdfb456d9b08aec4d79529b408e86fd7
313,sin_color,33,SCAP-DBE3E9729199A70D-TPL_04,313,TXT-0314,818d3b6743f34dd75dd7c10aa64b8725cf165d337af857a0e0fff6282341509a
314,sin_color,34,SCAP-DBE3E9729199A70D-TPL_05,314,TXT-0315,ecb39cdd49a84790b4168b653ff3e94448a989f45cb6379d596d5656f0568443
315,sin_color,35,SCAP-74979A46916B9B50-TPL_01,315,TXT-0316,abf5fc120b6a68112eef0181e1ebef6833b1bfd82bce3c4c0ea7fcdc6300333c
316,sin_color,36,SCAP-74979A46916B9B50-TPL_02,316,TXT-0317,490d35b2f9e3f0a3e043699b09be64a258ebc6c8d97cddb0b6d948ea34b5ffa1
317,sin_color,37,SCAP-74979A46916B9B50-TPL_03,317,TXT-0318,61f35da0f7c2b0e5bbb198d4dd93a81d3978d3dd5510636efa04238b2a279ede
318,sin_color,38,SCAP-74979A46916B9B50-TPL_04,318,TXT-0319,0061355aee2c04fd4fd9d7136e33516ca58cdfece8cc7f2449949dceb05a8269
319,sin_color,39,SCAP-74979A46916B9B50-TPL_05,319,TXT-0320,472d115379ed3c9da886633b59565a00385be70d5932919f560c3b77d0be6b59
320,negativos_dificiles,0,HNC-V2_001-P01,320,TXT-0321,18884a42296a7da82c390b095e000d9099e481c8695a7f37a8e0b8f1278cb603
321,negativos_dificiles,1,HNC-V2_001-P02,0,TXT-0001,84e939eafb084dff790f0fdfd595d80103765300bc417b615c202737f4f6129c
322,negativos_dificiles,2,HNC-V2_001-P03,25,TXT-0026,37c6aa35b8bf15ef1b40b8c44f46fbadd2a5395736edae7ce78c85e8abf72787
323,negativos_dificiles,3,HNC-V2_001-P04,321,TXT-0322,5b423046487a71176f9b954501348bca8b75e2a6c9b34b63ef3ea1a8125d7d61
324,negativos_dificiles,4,HNC-V2_001-P05,322,TXT-0323,78f67ee93fdc17e8d043266f29cb991fd4a98ef1d45a578e0594de6ebe160d8d
325,negativos_dificiles,5,HNC-V2_002-P01,30,TXT-0031,7f8c12c6b6b9f23631236e8d578e793464df7022624cd580e5a3ee4793cfddb9
326,negativos_dificiles,6,HNC-V2_002-P02,323,TXT-0324,175a39cdfd6856e9edf96594476849d388633c2a89a965a5d5cfc60554e3cfb2
327,negativos_dificiles,7,HNC-V2_002-P03,324,TXT-0325,e8d155613f4428472513c332aa631db4d1388f45e70ffca2896dea77c5575863
328,negativos_dificiles,8,HNC-V2_002-P04,5,TXT-0006,5b0e7814b78265de3ce0a1cadc203e184565520ce0344033ed23b1e852e9ec43
329,negativos_dificiles,9,HNC-V2_002-P05,10,TXT-0011,58173b82a0b54909da8da67aeaf2bddb4e835cf84deb6c4fffec81e9e2b51c54
330,negativos_dificiles,10,HNC-V2_003-P01,10,TXT-0011,58173b82a0b54909da8da67aeaf2bddb4e835cf84deb6c4fffec81e9e2b51c54
331,negativos_dificiles,11,HNC-V2_003-P02,325,TXT-0326,e3c92080af968866d7e6ead4f5762f985c7d493845de741247fa8d818cbd7143
332,negativos_dificiles,12,HNC-V2_003-P03,326,TXT-0327,56d119ef76270429f79886559844187b0eb8d7b3986a7d26065aa93754ccad25
333,negativos_dificiles,13,HNC-V2_003-P04,15,TXT-0016,edb688349ab3fb3842bd0b03e1317b202fa6f7b67f5590c5802ee1e069685283
334,negativos_dificiles,14,HNC-V2_003-P05,327,TXT-0328,66b10f8d73fdced1919a2b75fe18f339cf174d68b379dc85fa11ffe3023e531f
335,negativos_dificiles,15,HNC-V2_004-P01,328,TXT-0329,8c03ab0a99daabf748cd476fafe241f3213d228b7ebebc791b103ecbcc269b23
336,negativos_dificiles,16,HNC-V2_004-P02,20,TXT-0021,adb2799492b9914413ea999edec58a5f53b8494a59aeba0ba4cc201449833575
337,negativos_dificiles,17,HNC-V2_004-P03,15,TXT-0016,edb688349ab3fb3842bd0b03e1317b202fa6f7b67f5590c5802ee1e069685283
338,negativos_dificiles,18,HNC-V2_004-P04,329,TXT-0330,2a30cea826a065b70ebe3c68b92d2c7627ecf89a04d8b5bc5b6dc86d3337a798
339,negativos_dificiles,19,HNC-V2_004-P05,40,TXT-0041,bc085670f5620cf71de15c3c5894f3d4750e7dc5142f863dde1ecbcb828ed4c5
340,negativos_dificiles,20,HNC-V2_005-P01,150,TXT-0151,4510181f3d572f5916240991ce97faa61283b0617927b7c6dce23528054a1d1b
341,negativos_dificiles,21,HNC-V2_005-P02,330,TXT-0331,817ad05eca1768cbd3d5cecdc4b29f1447c58530191a13ed03b2f85f7cfad2ec
342,negativos_dificiles,22,HNC-V2_005-P03,45,TXT-0046,551534df8b5a7aa8be5b5e88d1d0a96becce2e37dfe1226c0daafcbc13474875
343,negativos_dificiles,23,HNC-V2_005-P04,331,TXT-0332,f387d73b5fd612a960d9b4715f0bd3afaa68889589981ba4c1011345a834c4e9
344,negativos_dificiles,24,HNC-V2_005-P05,20,TXT-0021,adb2799492b9914413ea999edec58a5f53b8494a59aeba0ba4cc201449833575
345,negativos_dificiles,25,HNC-V2_006-P01,332,TXT-0333,3457b4b6da87d49149ac3b3f204cd36271e3815591b1506e3f15c299f838ea51
346,negativos_dificiles,26,HNC-V2_006-P02,333,TXT-0334,7eda95871a54ce7ed6c3ac1835badac4050fbdb6155ecc6ccc05e6ec089fa6ca
347,negativos_dificiles,27,HNC-V2_006-P03,25,TXT-0026,37c6aa35b8bf15ef1b40b8c44f46fbadd2a5395736edae7ce78c85e8abf72787
348,negativos_dificiles,28,HNC-V2_006-P04,334,TXT-0335,17fabf668002b6d4c9ca4c185c0e961953b0b999183e8a0142b89221ab50a7ee
349,negativos_dificiles,29,HNC-V2_006-P05,335,TXT-0336,6c81281bf6c6ee1a09619580ba034b4156a86368facb447a287c793268c593f7
350,negativos_dificiles,30,HNC-V2_007-P01,336,TXT-0337,f3b1267bff4fc11337005df665e4681152463874cd05834f0df02915d6276cf8
351,negativos_dificiles,31,HNC-V2_007-P02,337,TXT-0338,f8da901fa8e5833dbdfe4a165f61c4b4807771c6b8d98370d941dbf1780ab091
352,negativos_dificiles,32,HNC-V2_007-P03,35,TXT-0036,dc95cbf8badee2b2fea8d2d26e3eeb726a78c4c1c4fb6e2f4c0af6ec52ea0d51
353,negativos_dificiles,33,HNC-V2_007-P04,338,TXT-0339,67544716790e2e1b48e25cd5c35d08e01e3709e0eb5da71724aa85a8831bc714
354,negativos_dificiles,34,HNC-V2_007-P05,30,TXT-0031,7f8c12c6b6b9f23631236e8d578e793464df7022624cd580e5a3ee4793cfddb9
355,negativos_dificiles,35,HNC-V2_008-P01,339,TXT-0340,280ef9b11f22b87d581bdef3ec92fb461134fb5d616773838add2de4a14a1334
356,negativos_dificiles,36,HNC-V2_008-P02,35,TXT-0036,dc95cbf8badee2b2fea8d2d26e3eeb726a78c4c1c4fb6e2f4c0af6ec52ea0d51
357,negativos_dificiles,37,HNC-V2_008-P03,40,TXT-0041,bc085670f5620cf71de15c3c5894f3d4750e7dc5142f863dde1ecbcb828ed4c5
358,negativos_dificiles,38,HNC-V2_008-P04,340,TXT-0341,389b90a47536426b5cdf8f8ab9ad8fbd399ac2238de305ebd28f4aed7a939b05
359,negativos_dificiles,39,HNC-V2_008-P05,341,TXT-0342,beebc628cf4212b55f3d7fd3ef5506dcd630c164b26f8614a602a4c66231e80a
360,negativos_dificiles,40,HNC-V2_009-P01,45,TXT-0046,551534df8b5a7aa8be5b5e88d1d0a96becce2e37dfe1226c0daafcbc13474875
361,negativos_dificiles,41,HNC-V2_009-P02,342,TXT-0343,718066e98b37ce7726ddd38bf3964827dd29b10e7c5cbdfe422a1867341dc41c
362,negativos_dificiles,42,HNC-V2_009-P03,343,TXT-0344,5f20b2ac868850164b024da6abade2a3fb1f69e438fe1f8e711021c44729395f
363,negativos_dificiles,43,HNC-V2_009-P04,40,TXT-0041,bc085670f5620cf71de15c3c5894f3d4750e7dc5142f863dde1ecbcb828ed4c5
364,negativos_dificiles,44,HNC-V2_009-P05,344,TXT-0345,0501f192d9a0058f253ac034ffefbaee7d87ed8d29bd26b892c519f3558f6b01
365,negativos_dificiles,45,HNC-V2_010-P01,45,TXT-0046,551534df8b5a7aa8be5b5e88d1d0a96becce2e37dfe1226c0daafcbc13474875
366,negativos_dificiles,46,HNC-V2_010-P02,345,TXT-0346,3e35bb506f6d03fe96d31a8d886383e121eb4f864493ff2d2458db942283f832
367,negativos_dificiles,47,HNC-V2_010-P03,346,TXT-0347,d57a8c3b02abec6e40546a7f960febb761c367bfb5df6e5f1063067b3a064bad
368,negativos_dificiles,48,HNC-V2_010-P04,347,TXT-0348,e1d5cdb6644f5691e99f4642a0e9ef5f1e0f21379e9bcd294cd000f71732a249
369,negativos_dificiles,49,HNC-V2_010-P05,160,TXT-0161,4efc5614dbfbf2c48a2cc7f23b125eee642aef36ccadad100adfb2ac507c51da
370,negativos_dificiles,50,HNC-V2_011-P01,348,TXT-0349,172f0b8e2a257f53d9b2c1071b50df6998b971173a0c3a48cfb05072cbcfd4aa
371,negativos_dificiles,51,HNC-V2_011-P02,349,TXT-0350,2e3768439223133c0b27d5442cee21173d2e8a6fd713886d9e0d26f2048f5e2d
372,negativos_dificiles,52,HNC-V2_011-P03,350,TXT-0351,12423614d3f8b0594054da4a7e41cadfbacd3949903f7eec16b22951571a9a18
373,negativos_dificiles,53,HNC-V2_011-P04,50,TXT-0051,29338237967537da3689364f3169596aedc00c3a8a184a85595cee1119f65c68
374,negativos_dificiles,54,HNC-V2_011-P05,351,TXT-0352,8925882b23143884a0f328f7122863846582619f226b9b4be6ccee6e59d0de07
375,negativos_dificiles,55,HNC-V2_012-P01,55,TXT-0056,572278c0c78e7ff7c02f9e58f84e366a259b51561ff49614835ae3746042fb67
376,negativos_dificiles,56,HNC-V2_012-P02,352,TXT-0353,83c6759c6c991f9fd52f30b2152472653fc38f9eac29166eba1c82f0e7c104b9
377,negativos_dificiles,57,HNC-V2_012-P03,60,TXT-0061,e6be548cdc2a938ccbdc9000d0b0cc2e388a073cc31df760a93448d8219ff40a
378,negativos_dificiles,58,HNC-V2_012-P04,353,TXT-0354,d0f0acae7524700c85159f72e194e0483118f81c6cf861f590abcc7ca2d8ff9c
379,negativos_dificiles,59,HNC-V2_012-P05,354,TXT-0355,b7a32c671872a18c38b178ae708a2b31c2a58e93b4cd7a8cceb47c1ab53bebe3
380,negativos_dificiles,60,HNC-V2_013-P01,65,TXT-0066,8f7cf49c5be2ccbbbaaaaccb459d14850ee61d273267d750007b31558b81c913
381,negativos_dificiles,61,HNC-V2_013-P02,355,TXT-0356,abea5c428fd7f8da71dc5332bab077ec9dbf5f3a3690a8fe714f88f6476df066
382,negativos_dificiles,62,HNC-V2_013-P03,60,TXT-0061,e6be548cdc2a938ccbdc9000d0b0cc2e388a073cc31df760a93448d8219ff40a
383,negativos_dificiles,63,HNC-V2_013-P04,356,TXT-0357,6adf0801d6bfc8b62e9388b20365ecda5ba0632d7a407ff14c383a3f30ed5907
384,negativos_dificiles,64,HNC-V2_013-P05,357,TXT-0358,78a439e9635386104da15b7648447e9572e3f5da2d26d0f2d46f9f66a10fd5b8
385,negativos_dificiles,65,HNC-V2_014-P01,358,TXT-0359,972e08157b4cf21f02ebdd9c2d716dd68c256b494ef54670693bd325070c49d6
386,negativos_dificiles,66,HNC-V2_014-P02,359,TXT-0360,41a83cf4d91b456a36bdadcc828168e080bd5f08fee5597a3055c7dc7d5e29f6
387,negativos_dificiles,67,HNC-V2_014-P03,360,TXT-0361,e820a238c6a1313bf58a478aa543b40bb8658536c4727151060d87312d0d04a4
388,negativos_dificiles,68,HNC-V2_014-P04,70,TXT-0071,b2c7408029e43e52b87de220d56014c7726607dfedb300ebc98d2ed48bfdb0c0
389,negativos_dificiles,69,HNC-V2_014-P05,65,TXT-0066,8f7cf49c5be2ccbbbaaaaccb459d14850ee61d273267d750007b31558b81c913
390,negativos_dificiles,70,HNC-V2_015-P01,361,TXT-0362,d616a7ab1e622569c8ac62bbf1bfb45f0b954c2b8ade891d6f2358ed593127ed
391,negativos_dificiles,71,HNC-V2_015-P02,70,TXT-0071,b2c7408029e43e52b87de220d56014c7726607dfedb300ebc98d2ed48bfdb0c0
392,negativos_dificiles,72,HNC-V2_015-P03,362,TXT-0363,5f7a6704d1c46a29b425ab0eceb73b5a4861dcd7b91ac6c8d2d5ebb24753ffa4
393,negativos_dificiles,73,HNC-V2_015-P04,170,TXT-0171,f5b328ee55d76417a0832dbec1d09000eaddedbb27f019bb621466551e5c21d5
394,negativos_dificiles,74,HNC-V2_015-P05,363,TXT-0364,a53d27a0f947fa36c71ee5c2ebcf80af5b070b5a20e0b0837d9509e7fdc0baf3
395,negativos_dificiles,75,HNC-V2_016-P01,364,TXT-0365,24b86bf9498c7832e1fa8eb87fbce3628339d94240cdda09936fb1181666f568
396,negativos_dificiles,76,HNC-V2_016-P02,365,TXT-0366,c0f5df2115211c815226e7ad0ca973189d88e4db9189c32e9f0456793aaaeaae
397,negativos_dificiles,77,HNC-V2_016-P03,366,TXT-0367,eb08c962aee408391a345c47ff38550e8da527cde5fa1cce6a6ecab321bd78e4
398,negativos_dificiles,78,HNC-V2_016-P04,367,TXT-0368,07f648d99bd698974d6ca0445eaa42c9d5f18af5be4ca3195bf4da545b63f124
399,negativos_dificiles,79,HNC-V2_016-P05,75,TXT-0076,5596e7f79a991d55c35de03a66475134cd34012da62e520cdaff3096be423c7a
400,negativos_dificiles,80,HNC-V2_017-P01,85,TXT-0086,099dd9e328c60d9a680d9f6c97bd9f87078d4379ed237d0e895cf2b08d01053e
401,negativos_dificiles,81,HNC-V2_017-P02,80,TXT-0081,fade7c455a97e491689c79920bfbee3b56214c5209d5f13cca5f8b15a1e32821
402,negativos_dificiles,82,HNC-V2_017-P03,368,TXT-0369,5811d70e370856b0d92b33224dff5a52fc77e5f0a03836d674451d15a400018e
403,negativos_dificiles,83,HNC-V2_017-P04,369,TXT-0370,c7dd6319eaa30cde27487ba90e792370ce775c705c6ea47cbe6a42993fd913f5
404,negativos_dificiles,84,HNC-V2_017-P05,370,TXT-0371,37d302be4c9c5802094222599d26c53caf54a85f285abca057501e9f78856571
405,negativos_dificiles,85,HNC-V2_018-P01,371,TXT-0372,dca561228cf11debaaeee25ae605b6ab5cb242e860a8181809e037daca6f0b6e
406,negativos_dificiles,86,HNC-V2_018-P02,372,TXT-0373,9b99313b4c95a3e001b2212e0c8faf3fe31a45d1d2f0c5f2c10dd64716df2d4b
407,negativos_dificiles,87,HNC-V2_018-P03,373,TXT-0374,c2566f55915b7b88c0d808ea8385b574fadbce2b6a26124a812ab95be54b563e
408,negativos_dificiles,88,HNC-V2_018-P04,85,TXT-0086,099dd9e328c60d9a680d9f6c97bd9f87078d4379ed237d0e895cf2b08d01053e
409,negativos_dificiles,89,HNC-V2_018-P05,90,TXT-0091,1547af5ac7c093f6d9bed9f051800c9abf2fb827c3a3a562dd934597718b7576
410,negativos_dificiles,90,HNC-V2_019-P01,90,TXT-0091,1547af5ac7c093f6d9bed9f051800c9abf2fb827c3a3a562dd934597718b7576
411,negativos_dificiles,91,HNC-V2_019-P02,374,TXT-0375,4e8961ae14f3aa16c1dddd970f675e1f2084621a9319226d94adef23eba0850d
412,negativos_dificiles,92,HNC-V2_019-P03,375,TXT-0376,5098de933987cd89bad955325a60052e9673fed498595cae09b025856766872b
413,negativos_dificiles,93,HNC-V2_019-P04,95,TXT-0096,de421ad819d5b4d630c12c5d47eac05a817f6eafba5d8063c7db55ab69eb5195
414,negativos_dificiles,94,HNC-V2_019-P05,376,TXT-0377,5ff1ef774c202d928bfc02aa5c111d8458d07441ec4b03cb8755e8334c226f0d
415,negativos_dificiles,95,HNC-V2_020-P01,377,TXT-0378,28f75307946362338faf42557a145fe0cab749d80c8effde9cf5330faa687719
416,negativos_dificiles,96,HNC-V2_020-P02,180,TXT-0181,53ea6ccd54778020b27c560c3c89cf1e36839745deca5ffdfc25615e39e311b5
417,negativos_dificiles,97,HNC-V2_020-P03,95,TXT-0096,de421ad819d5b4d630c12c5d47eac05a817f6eafba5d8063c7db55ab69eb5195
418,negativos_dificiles,98,HNC-V2_020-P04,378,TXT-0379,15b8734d96a55eb55f8e84463889a4486266006edd0c66ed5bf06be0425933e2
419,negativos_dificiles,99,HNC-V2_020-P05,379,TXT-0380,32d2cf6e6b23cf7b7e71793ac4a3d36057099446f97f3fe7e2ca6f6cb3a71e18
420,negativos_dificiles,100,HNC-V2_021-P01,100,TXT-0101,c8f0ecae7756eead137dd868ed807273b0722696cb014331464a69d7c76fcebc
421,negativos_dificiles,101,HNC-V2_021-P02,380,TXT-0381,fbc9d7778361fccfd9e5c51259fad121812131782388afbacdb0127c9fad6e98
422,negativos_dificiles,102,HNC-V2_021-P03,381,TXT-0382,168a44fb825ea28341d3569c9c7a7f9a576ce39bf2bad657253cddae09f6ba93
423,negativos_dificiles,103,HNC-V2_021-P04,382,TXT-0383,3ebbf1436a812cacf42cb1a52ff583cd17472478a6165e49ee9d3540fea12f82
424,negativos_dificiles,104,HNC-V2_021-P05,383,TXT-0384,f09db5c9cc5b5e37301d0cd05de525c8d6b85cd0967c6f1e21c18d136a330d9c
425,negativos_dificiles,105,HNC-V2_022-P01,384,TXT-0385,96ff637121af0b8d7498bd6784fc7cfd657ad9fcaabc38594321a6441d6ca321
426,negativos_dificiles,106,HNC-V2_022-P02,385,TXT-0386,125a85efe433e6b48be4207378bd1b36f5828202c0f76cd935f42aabd4c47522
427,negativos_dificiles,107,HNC-V2_022-P03,105,TXT-0106,b1cbec5d21808dc3117d559e730b45e9a6aecc18640577addd22472dd12fb928
428,negativos_dificiles,108,HNC-V2_022-P04,386,TXT-0387,8249e03969c0cec2879604e47fdedc5a0cea6753505308ac09c927ea8cbd711d
429,negativos_dificiles,109,HNC-V2_022-P05,110,TXT-0111,cfb119ddda3022f810e27a0fed111604c2ed2396b597b2b305b60ba55e3d42ee
430,negativos_dificiles,110,HNC-V2_023-P01,387,TXT-0388,bb41dca391e728fec5e30a015b3e5bbf0c233e49a253343c03226f61559685b1
431,negativos_dificiles,111,HNC-V2_023-P02,388,TXT-0389,abcae956bfb84bcad954286d1f9f91b8ea9d41c9c5d87cea92d0d42950660ffd
432,negativos_dificiles,112,HNC-V2_023-P03,115,TXT-0116,1abaa86d1bd39dda4065d68a27035f07de9844808fc5648b15d30ea06be585a2
433,negativos_dificiles,113,HNC-V2_023-P04,389,TXT-0390,5dac56142d1a79dbbc2279cea15752e17b61f8b79bd0d92ae703da4a12eb6172
434,negativos_dificiles,114,HNC-V2_023-P05,110,TXT-0111,cfb119ddda3022f810e27a0fed111604c2ed2396b597b2b305b60ba55e3d42ee
435,negativos_dificiles,115,HNC-V2_024-P01,390,TXT-0391,b5329066d059bedcdb0dd3f0c852e652e475fb2024d3e0b31a361bd01ef8ba39
436,negativos_dificiles,116,HNC-V2_024-P02,115,TXT-0116,1abaa86d1bd39dda4065d68a27035f07de9844808fc5648b15d30ea06be585a2
437,negativos_dificiles,117,HNC-V2_024-P03,120,TXT-0121,bc83cfb5144d7091b1084f0df755be4b135a5e48644b5ad04ac858359b58a3b5
438,negativos_dificiles,118,HNC-V2_024-P04,391,TXT-0392,81972219ed75fb825f283e1922673b34e9e85f8ddba186e5d56b20118d9d6dbe
439,negativos_dificiles,119,HNC-V2_024-P05,392,TXT-0393,fdd51bc0b36dccfe3eeecf446146bd2b1f8694059c80e47c0df09e2d4c975599
440,negativos_dificiles,120,HNC-V2_025-P01,190,TXT-0191,3087651e8e65d01367942d9bf9777f1640e9bb2dbea74741258efdb516d700ea
441,negativos_dificiles,121,HNC-V2_025-P02,393,TXT-0394,1b058d8cc8c90844f782a48f5986e3548a128e0560596fffc2a61a6d93c70b73
442,negativos_dificiles,122,HNC-V2_025-P03,394,TXT-0395,c73ed80b2af4e9ec5b86c5cc5f42db662101eff0aed3fe7f1aa02358e218c071
443,negativos_dificiles,123,HNC-V2_025-P04,120,TXT-0121,bc83cfb5144d7091b1084f0df755be4b135a5e48644b5ad04ac858359b58a3b5
444,negativos_dificiles,124,HNC-V2_025-P05,395,TXT-0396,b40d429f743fcfa70d3e84e7823059849a296a01bed03c924799357d2b553555
445,negativos_dificiles,125,HNC-V2_026-P01,396,TXT-0397,41774125bc2b69cdd62f47daed63b9ea005523013585aca3101b334c92b2d3a3
446,negativos_dificiles,126,HNC-V2_026-P02,125,TXT-0126,88ffc688ebfa4a8905abd903dd6dba411e41be5fba1b0971ead046691410d20b
447,negativos_dificiles,127,HNC-V2_026-P03,397,TXT-0398,35a18c03d0e5314cd8f6af76bfb1af2e3b0e25f14cb7714a0b1785b32d3da766
448,negativos_dificiles,128,HNC-V2_026-P04,398,TXT-0399,41c353a7cbba0b882caa4cc0dd1e5716f0ce0cfccbb6dd0eefbfd8f11b7dc82e
449,negativos_dificiles,129,HNC-V2_026-P05,399,TXT-0400,dff33e5d84bbaeeb225c6499dee84bad9d0b9fc8224b66a569caff34bae503da
450,negativos_dificiles,130,HNC-V2_027-P01,400,TXT-0401,12d7409883bbe210d4aff743ff874c46c86056e290e844dfbe6cc20b3727bbb5
451,negativos_dificiles,131,HNC-V2_027-P02,401,TXT-0402,4a14069c6ae401187d2e450c80195073af991f3e38e7b1326597a217d6cfe01f
452,negativos_dificiles,132,HNC-V2_027-P03,135,TXT-0136,477d3f1b28a1a2d977c4a157a74f3a63f4f0183d71e4842e742e2f9461648779
453,negativos_dificiles,133,HNC-V2_027-P04,130,TXT-0131,7c6058084e5a136443f68f271ecd01e65f0bd284b7816eb69382c448621a9c0c
454,negativos_dificiles,134,HNC-V2_027-P05,402,TXT-0403,27480541cc8283720f6359fc6ed81ec7144962e58fa989954fafacebee973f23
455,negativos_dificiles,135,HNC-V2_028-P01,135,TXT-0136,477d3f1b28a1a2d977c4a157a74f3a63f4f0183d71e4842e742e2f9461648779
456,negativos_dificiles,136,HNC-V2_028-P02,403,TXT-0404,11e2091581c5e75a2f2b98b9496c81032c2687a76734e1790bc5b52139d445c4
457,negativos_dificiles,137,HNC-V2_028-P03,140,TXT-0141,c8bf8a072e3118987307c7ef2cc3f031ff219c8b5e2d2d41740da57be8c55c2d
458,negativos_dificiles,138,HNC-V2_028-P04,404,TXT-0405,23f51a614febb9c65f78bb8323be07c7e001ec75225f94c1342e7d99e5e879d6
459,negativos_dificiles,139,HNC-V2_028-P05,405,TXT-0406,750883123e7d831adbacabeef445c45d0bd80e03effa545bd84ca11026209e54
460,negativos_dificiles,140,HNC-V2_029-P01,145,TXT-0146,c65695c9b8c5e56efbbc0543cc69db2c19b69afda0923318baec8a1408b0cb31
461,negativos_dificiles,141,HNC-V2_029-P02,406,TXT-0407,1590ccf1df5552a807f3743f1e70b8fc05b5334823895545e3638e6de5c91484
462,negativos_dificiles,142,HNC-V2_029-P03,140,TXT-0141,c8bf8a072e3118987307c7ef2cc3f031ff219c8b5e2d2d41740da57be8c55c2d
463,negativos_dificiles,143,HNC-V2_029-P04,407,TXT-0408,122c16f2c078089bff371324de10766b3e9f12e9d07c9c8bb8249c2af5e40c61
464,negativos_dificiles,144,HNC-V2_029-P05,408,TXT-0409,150a30036c934c2691bef7dd8c4ecf86b27c88c91f6cfef4725784ae3ec64e6b
465,negativos_dificiles,145,HNC-V2_030-P01,409,TXT-0410,6dcfe391be21e266b7f34cd1d15896148b62141c377ab598ada9ebfa6f7fe4e5
466,negativos_dificiles,146,HNC-V2_030-P02,410,TXT-0411,c4382d9c30186e69bf9a82ad02657b048f87e5fd55a1e316619c556ffd06705b
467,negativos_dificiles,147,HNC-V2_030-P03,411,TXT-0412,f0ffacfb57a73944efcc471a2ced18a336123842ea8d048fc2ab18aa2cfe1323
468,negativos_dificiles,148,HNC-V2_030-P04,200,TXT-0201,c60b8c606a3ff5bdf5529ba8bf73574360bac5e286140c561cc562573207af94
469,negativos_dificiles,149,HNC-V2_030-P05,145,TXT-0146,c65695c9b8c5e56efbbc0543cc69db2c19b69afda0923318baec8a1408b0cb31
470,negativos_dificiles,150,HNC-V2_031-P01,412,TXT-0413,0845b6ff3e4ce0d67ea6f3d01bf26540041199c8f3aff39eb2a32792b2051466
471,negativos_dificiles,151,HNC-V2_031-P02,413,TXT-0414,ad1bbcead4f1276739ed20c946704ff9c86df60d1691b1713d94e8ab260dc99f
472,negativos_dificiles,152,HNC-V2_031-P03,150,TXT-0151,4510181f3d572f5916240991ce97faa61283b0617927b7c6dce23528054a1d1b
473,negativos_dificiles,153,HNC-V2_031-P04,414,TXT-0415,4afc9caae55fc157526962b6414beebda1bf19f38ac7a97fadca68cab87d5e4b
474,negativos_dificiles,154,HNC-V2_031-P05,160,TXT-0161,4efc5614dbfbf2c48a2cc7f23b125eee642aef36ccadad100adfb2ac507c51da
475,negativos_dificiles,155,HNC-V2_032-P01,415,TXT-0416,a6982cba2fed8623ff0189ac689b50754c39415d4c27c19a002bc6a6533aa489
476,negativos_dificiles,156,HNC-V2_032-P02,0,TXT-0001,84e939eafb084dff790f0fdfd595d80103765300bc417b615c202737f4f6129c
477,negativos_dificiles,157,HNC-V2_032-P03,165,TXT-0166,fa7af82166dcadf35dc8f6f238b44b7620fb0c53a9e07fb018ccf6dce78a9e6a
478,negativos_dificiles,158,HNC-V2_032-P04,416,TXT-0417,bd2de88897adb85d58fffe7f6a8f1b77cf3f42015d0ad98ca77617ee2c72c643
479,negativos_dificiles,159,HNC-V2_032-P05,155,TXT-0156,50d1669c92f44c0006f228030bca2d4bc83208eddccf6a376430fb06e27dc528
480,negativos_dificiles,160,HNC-V2_033-P01,165,TXT-0166,fa7af82166dcadf35dc8f6f238b44b7620fb0c53a9e07fb018ccf6dce78a9e6a
481,negativos_dificiles,161,HNC-V2_033-P02,160,TXT-0161,4efc5614dbfbf2c48a2cc7f23b125eee642aef36ccadad100adfb2ac507c51da
482,negativos_dificiles,162,HNC-V2_033-P03,417,TXT-0418,dab4cb27ba25809334596ca88b41902f0f06cf5f34c6428ea40b79b9f96a296f
483,negativos_dificiles,163,HNC-V2_033-P04,418,TXT-0419,9efa154b6c67e5528968a0b5bc3298d0af8676b59c5c8db6e6676d451630598d
484,negativos_dificiles,164,HNC-V2_033-P05,419,TXT-0420,cc9b470ceddd8b91ff158f09358d12414b4e894b5710994292ba7a83e0563a0f
485,negativos_dificiles,165,HNC-V2_034-P01,420,TXT-0421,e02ce0f4c51466a456766a91f275e372bac15f242df3470901779304236489e3
486,negativos_dificiles,166,HNC-V2_034-P02,421,TXT-0422,b40cfc3011045612df705b45af3d85577c4b1c5b2f125f3f79296468bd8e9581
487,negativos_dificiles,167,HNC-V2_034-P03,422,TXT-0423,aa8f3c8fa97cdecd6a55f0e6dd44af239b62ab91d15e2734fd206848ae4422f6
488,negativos_dificiles,168,HNC-V2_034-P04,165,TXT-0166,fa7af82166dcadf35dc8f6f238b44b7620fb0c53a9e07fb018ccf6dce78a9e6a
489,negativos_dificiles,169,HNC-V2_034-P05,25,TXT-0026,37c6aa35b8bf15ef1b40b8c44f46fbadd2a5395736edae7ce78c85e8abf72787
490,negativos_dificiles,170,HNC-V2_035-P01,170,TXT-0171,f5b328ee55d76417a0832dbec1d09000eaddedbb27f019bb621466551e5c21d5
491,negativos_dificiles,171,HNC-V2_035-P02,423,TXT-0424,81e0ea3040e5c902caeaef2b7f5886239645c86086f4c9db87da4756ea10aa0d
492,negativos_dificiles,172,HNC-V2_035-P03,424,TXT-0425,0c19752ada1f4dddc4082e24c108eacc0b7041fcbc7cc05e9e8caf2a43962b55
493,negativos_dificiles,173,HNC-V2_035-P04,175,TXT-0176,59a66d29753f5d5a554eefee908236f22e03d38bd586077b77a5433f27c8037e
494,negativos_dificiles,174,HNC-V2_035-P05,425,TXT-0426,488a92a0d563242240fdef62a7d43c99e8ed70ddfcc30efed516fc205f16a0c3
495,negativos_dificiles,175,HNC-V2_036-P01,426,TXT-0427,9d1db1ff8fcc86a099ba77fd36033f08dcaf641541d2f117177cf3bc5bc30c16
496,negativos_dificiles,176,HNC-V2_036-P02,427,TXT-0428,02712e0d8afdd93cfa4635e8dfdd21d8f17cd794b6e0e9905b58c1312c63ac11
497,negativos_dificiles,177,HNC-V2_036-P03,428,TXT-0429,13c46a3e1d12fdac90ff956a167b57a191c027b867883574df77057e0fce40e7
498,negativos_dificiles,178,HNC-V2_036-P04,175,TXT-0176,59a66d29753f5d5a554eefee908236f22e03d38bd586077b77a5433f27c8037e
499,negativos_dificiles,179,HNC-V2_036-P05,429,TXT-0430,a38df17784a6e7600b1355153300ddd2ad743bb78124ab1e34637a2a27be1843
500,negativos_dificiles,180,HNC-V2_037-P01,180,TXT-0181,53ea6ccd54778020b27c560c3c89cf1e36839745deca5ffdfc25615e39e311b5
501,negativos_dificiles,181,HNC-V2_037-P02,185,TXT-0186,7a3a69264437240b0a8f80cf34a148b8c1ead03045d1876177e27866967ca340
502,negativos_dificiles,182,HNC-V2_037-P03,430,TXT-0431,7c53b22c5107103fdc3125b0dabdd16ce128eb29f28bc1540ed24d3289a5ac75
503,negativos_dificiles,183,HNC-V2_037-P04,431,TXT-0432,4039d1fb7e0a37df21f393092a3cbe7b1da90c88fd1a2ef710220f5b86d609f8
504,negativos_dificiles,184,HNC-V2_037-P05,432,TXT-0433,1bcf8e2d83fdd11d4e62fd70cbadb40b42ebb4923e5b3b1d1d0fb520b3422fac
505,negativos_dificiles,185,HNC-V2_038-P01,433,TXT-0434,ac1774582c4d4cb5994d1969d9e853ad926620fa61abc2190cb7e252fb56ddc5
506,negativos_dificiles,186,HNC-V2_038-P02,434,TXT-0435,79650e346b2cdac1a190b477da3beee1ae8e770f844671b16b9a62d6984151c6
507,negativos_dificiles,187,HNC-V2_038-P03,185,TXT-0186,7a3a69264437240b0a8f80cf34a148b8c1ead03045d1876177e27866967ca340
508,negativos_dificiles,188,HNC-V2_038-P04,435,TXT-0436,4e247a5ff044011871f681eb8a6c6fdac111d73ef11328f2deb8738897dd8071
509,negativos_dificiles,189,HNC-V2_038-P05,75,TXT-0076,5596e7f79a991d55c35de03a66475134cd34012da62e520cdaff3096be423c7a
510,negativos_dificiles,190,HNC-V2_039-P01,436,TXT-0437,f38a3154b0db3fc2efd5f221f052a441a49a2f745452d44c2a979b42cd4ae18b
511,negativos_dificiles,191,HNC-V2_039-P02,437,TXT-0438,649a3af6d0608e160de19ed83a64a882ff095365857759224e7879c40de13e5f
512,negativos_dificiles,192,HNC-V2_039-P03,195,TXT-0196,1f462166cf8a7691ba722bbc9556479c452e7156ed974dc177cad9c91f4400b6
513,negativos_dificiles,193,HNC-V2_039-P04,438,TXT-0439,058bd66af8580ae784d0290669d9e9ce1136ec9544cf03f515288770b9f914fb
514,negativos_dificiles,194,HNC-V2_039-P05,190,TXT-0191,3087651e8e65d01367942d9bf9777f1640e9bb2dbea74741258efdb516d700ea
515,negativos_dificiles,195,HNC-V2_040-P01,439,TXT-0440,705e4eab294ce6acc0a7499437637dff86ce9608a921d6bb41b670daf4a381cf
516,negativos_dificiles,196,HNC-V2_040-P02,195,TXT-0196,1f462166cf8a7691ba722bbc9556479c452e7156ed974dc177cad9c91f4400b6
517,negativos_dificiles,197,HNC-V2_040-P03,100,TXT-0101,c8f0ecae7756eead137dd868ed807273b0722696cb014331464a69d7c76fcebc
518,negativos_dificiles,198,HNC-V2_040-P04,440,TXT-0441,9b7ae346474fd4f42eac1cde6a7b19e64f5bdd2462a8fd9ba989202c0b6ec4e3
519,negativos_dificiles,199,HNC-V2_040-P05,441,TXT-0442,e4ce39f1af53532c681842c8912f0cc0c6894ac926f35c2469d9919c41d5fb07
520,negativos_dificiles,200,HNC-V2_041-P01,442,TXT-0443,e3775535e324a341840705c25165a8ad8f85ae6dbb1f12b1721357474195e7af
521,negativos_dificiles,201,HNC-V2_041-P02,443,TXT-0444,199876e223f264814b4c29f8415b5f1c478cef7ce4f26ea4b210b50dca655bad
522,negativos_dificiles,202,HNC-V2_041-P03,444,TXT-0445,3c36f7b8f3cce8dbc8045d1c38ebd918a6c69e4bd675a5deb2dba34c8b55da4b
523,negativos_dificiles,203,HNC-V2_041-P04,445,TXT-0446,54583edc1c9fe83ce15aa0d01609c87fa2779df691eff25d9b915239c0e2f490
524,negativos_dificiles,204,HNC-V2_041-P05,200,TXT-0201,c60b8c606a3ff5bdf5529ba8bf73574360bac5e286140c561cc562573207af94
525,negativos_dificiles,205,HNC-V2_042-P01,446,TXT-0447,b901b31d085410c7f90f1c54d8430fff0579acdf83b5a405883671651c0f3f3c
526,negativos_dificiles,206,HNC-V2_042-P02,205,TXT-0206,70c2544b4163e555da9186db77dd9f9bb946d413a2eb437ceda65f14677f27ef
527,negativos_dificiles,207,HNC-V2_042-P03,447,TXT-0448,1ae4f2bce6a1445ea1ab9533b586e39e68ca9bb18e44c12eb4f4f81f5e72ce3c
528,negativos_dificiles,208,HNC-V2_042-P04,448,TXT-0449,e4bac224e7238d49fbbe5109efc6c54b69cb1592fc4ee1a622d1e6621808554c
529,negativos_dificiles,209,HNC-V2_042-P05,125,TXT-0126,88ffc688ebfa4a8905abd903dd6dba411e41be5fba1b0971ead046691410d20b
530,negativos_dificiles,210,HNC-V2_043-P01,449,TXT-0450,38f3e9c8d103a8c77aff75e39f4a5dc532ff33f989d3bc94fd2690c7f6136825
531,negativos_dificiles,211,HNC-V2_043-P02,450,TXT-0451,8bda9229ed9f94d8edc136401f88b81e9888b49d80227ab94a65f0776f51f14b
532,negativos_dificiles,212,HNC-V2_043-P03,215,TXT-0216,c68e76bb0dc9a71280de37bca17e98a2e4721106626878c46ad86ef8d2942c85
533,negativos_dificiles,213,HNC-V2_043-P04,210,TXT-0211,f4cc115002cf51ad1cc0d526932ea10e5d138d19577da83950471d8c71479722
534,negativos_dificiles,214,HNC-V2_043-P05,451,TXT-0452,8b294cc07f7b209f03800fa3f3aad61037cb0e4f11291cd5b7563e418a882dc3
535,negativos_dificiles,215,HNC-V2_044-P01,215,TXT-0216,c68e76bb0dc9a71280de37bca17e98a2e4721106626878c46ad86ef8d2942c85
536,negativos_dificiles,216,HNC-V2_044-P02,452,TXT-0453,9bb03366d4b7de23f994e39d0421da9f915a727b60e28df15aba4a72f08d656d
537,negativos_dificiles,217,HNC-V2_044-P03,220,TXT-0221,ffa3b35e1620293ad83ed6a0a85b0155ca08a415cc1d6866f47a06183b442c40
538,negativos_dificiles,218,HNC-V2_044-P04,453,TXT-0454,89735e95cc978040dc57709bf3e5af12b2dcaa21dac7eef6e7d4a6f7358d0b1a
539,negativos_dificiles,219,HNC-V2_044-P05,454,TXT-0455,6d325c0af7878f2c33ba85b427b9f4847b53c7ab423e708feb884078473e66b2
540,negativos_dificiles,220,HNC-V2_045-P01,225,TXT-0226,8458cda99f235a09333259dd1804143d78b84949e28014c0c3399491847b0f9a
541,negativos_dificiles,221,HNC-V2_045-P02,455,TXT-0456,21eff3179e3fb5614c0cf7029c955f91ed4f8d89522d8ebe52a1acd28e33cd9e
542,negativos_dificiles,222,HNC-V2_045-P03,220,TXT-0221,ffa3b35e1620293ad83ed6a0a85b0155ca08a415cc1d6866f47a06183b442c40
543,negativos_dificiles,223,HNC-V2_045-P04,456,TXT-0457,3a65322c407eef34e8a90981b78b4edde164d06872ae6a6a2b169fd95887f3b6
544,negativos_dificiles,224,HNC-V2_045-P05,457,TXT-0458,463b74e587efac03775f874803ae7a7e54b4b7b30a603b9982464b67d6fbfc59
545,negativos_dificiles,225,HNC-V2_046-P01,225,TXT-0226,8458cda99f235a09333259dd1804143d78b84949e28014c0c3399491847b0f9a
546,negativos_dificiles,226,HNC-V2_046-P02,458,TXT-0459,fd098a80dbb0749ccbb1d09526658ec89fb73446dafc7ec73fa9d2df024750d2
547,negativos_dificiles,227,HNC-V2_046-P03,459,TXT-0460,f01ce9c396e7e0232d30eb5ab6ecb704b91c49df5b380bd345847e9777886690
548,negativos_dificiles,228,HNC-V2_046-P04,460,TXT-0461,43a7830820094128b82ae78cdaa6891451ed7840475d2aeec6de31f9fda7c111
549,negativos_dificiles,229,HNC-V2_046-P05,461,TXT-0462,c4897cd748167ca6a4c257d1ca65fdf8ffcf3c93501e44044e7860d8f93c9452
550,negativos_dificiles,230,HNC-V2_047-P01,462,TXT-0463,cff58be37f5da2d70a05d21472bf3c6bd46ebac2f67f26e6769e6847b7f8dfb0
551,negativos_dificiles,231,HNC-V2_047-P02,463,TXT-0464,8c7a646629b0ea70543feb74446958ded9e6ad1294be43edf02b64c1e686bafb
552,negativos_dificiles,232,HNC-V2_047-P03,230,TXT-0231,a3febae583d475fbb0e1fb7daf417fe57d0300d291691336fca53771173e0833
553,negativos_dificiles,233,HNC-V2_047-P04,260,TXT-0261,dd04b21f1a98658a1b12b9bad10754851cd8c71b7a9e1c24d07b5b5456ff3a53
554,negativos_dificiles,234,HNC-V2_047-P05,464,TXT-0465,3cd911a354cde11feeaec5bb5603b776e539668755843b1a4746d87770699487
555,negativos_dificiles,235,HNC-V2_048-P01,465,TXT-0466,7499d410ac26a3955475c7e0ad022167b085d0643ced21fbcf13b8e874a693ce
556,negativos_dificiles,236,HNC-V2_048-P02,240,TXT-0241,d93991e1a84f4831cd5c46f044fcabbc1c2d5a2c65770d3070dd086f9e809c59
557,negativos_dificiles,237,HNC-V2_048-P03,466,TXT-0467,cf21b1ced0c471eab42a14af3a6111ca2dfe8bf86d9f3244079854a3c0987938
558,negativos_dificiles,238,HNC-V2_048-P04,467,TXT-0468,cdf01ab3ca8abdbeb15d10980d645932729251013490fc1f4e1db649f485b298
559,negativos_dificiles,239,HNC-V2_048-P05,235,TXT-0236,9db3f3d330a54ba166b679a1fbedbea2905f22cd717ece391b8c80d973966920
560,negativos_dificiles,240,HNC-V2_049-P01,245,TXT-0246,eadccd64750d26774289758cf5bf605c36c4fc1ea79af7cb9ef1c4cc72424520
561,negativos_dificiles,241,HNC-V2_049-P02,240,TXT-0241,d93991e1a84f4831cd5c46f044fcabbc1c2d5a2c65770d3070dd086f9e809c59
562,negativos_dificiles,242,HNC-V2_049-P03,468,TXT-0469,7e0e247b9c65df1eeaa35db6652fe6a138ed640ffdde6a2c15f8f031bd2a7e97
563,negativos_dificiles,243,HNC-V2_049-P04,469,TXT-0470,23b2524ccbc18f790b648a778bdc5c43a743e65dc93e5e8e071c7bd3aca8027b
564,negativos_dificiles,244,HNC-V2_049-P05,470,TXT-0471,6814563fdb1c43bbdc5496b38a0576cbfeecb473dd84f5209f58e6fc85b25d92
565,negativos_dificiles,245,HNC-V2_050-P01,471,TXT-0472,fbf3b66a8906716b64160c909705fdc7db3bc2d4d43be07773e77afaa1cf17f1
566,negativos_dificiles,246,HNC-V2_050-P02,472,TXT-0473,82a327b17e60de3cab7af8a21c6b5c8b4ca214dc7f3e3090f9fab690ce069b56
567,negativos_dificiles,247,HNC-V2_050-P03,473,TXT-0474,5fe1ba4cfe376db6cb337562fdfcb29bb39a352729218c9956b72be251cae2fb
568,negativos_dificiles,248,HNC-V2_050-P04,245,TXT-0246,eadccd64750d26774289758cf5bf605c36c4fc1ea79af7cb9ef1c4cc72424520
569,negativos_dificiles,249,HNC-V2_050-P05,250,TXT-0251,64b08b926cd2d739b7787d2d5da8946bc0a18259e95d0d7a8e87150477df66e1
570,negativos_dificiles,250,HNC-V2_051-P01,474,TXT-0475,76bb6ff05b9ee3c5bce20efe4d86e6758ecbad80652397c27f52d0e880d82c6b
571,negativos_dificiles,251,HNC-V2_051-P02,250,TXT-0251,64b08b926cd2d739b7787d2d5da8946bc0a18259e95d0d7a8e87150477df66e1
572,negativos_dificiles,252,HNC-V2_051-P03,475,TXT-0476,cc44be2673da7716e08934bab57fb7273e73b96189b98be6b4a3de0138b9b4d9
573,negativos_dificiles,253,HNC-V2_051-P04,476,TXT-0477,bb3be71c28aec34248bf61c4985938445b58cccc6b496104d47efb4833f03726
574,negativos_dificiles,254,HNC-V2_051-P05,477,TXT-0478,e12ab95607fc5767dbc2266bd40d5ed85984a534c4b2f3dece10cf1b519ec674
575,negativos_dificiles,255,HNC-V2_052-P01,478,TXT-0479,c3a920eca5521713040866d03218efa4cc02579364e61cce97546a9830e65c63
576,negativos_dificiles,256,HNC-V2_052-P02,270,TXT-0271,96e1778a99b2fe138ff5de51396173808abc7fb76f1b0d89fa549f079c7f3e7b
577,negativos_dificiles,257,HNC-V2_052-P03,479,TXT-0480,0986c84a841c6b33428ac9826385a996e6b62b089d79bec9fd2c837e43876b2e
578,negativos_dificiles,258,HNC-V2_052-P04,255,TXT-0256,78d65f3512d411f48ec934eebca7aeb660eb06be3912d44a1b7a96807c642b87
579,negativos_dificiles,259,HNC-V2_052-P05,480,TXT-0481,a0e7b7aa6513fba81866a5bbe07c26261f8409395f616cded5ec1c7081c15cb3
580,negativos_dificiles,260,HNC-V2_053-P01,260,TXT-0261,dd04b21f1a98658a1b12b9bad10754851cd8c71b7a9e1c24d07b5b5456ff3a53
581,negativos_dificiles,261,HNC-V2_053-P02,265,TXT-0266,ec24925ee257f9be1947a4c573c1e19d5b24be66e5a3d5d4222a2feca5ab46af
582,negativos_dificiles,262,HNC-V2_053-P03,481,TXT-0482,e85ca32ff90e849e40f170c7173eb8cade4edd4dcb5776bb0e0854d9701689a6
583,negativos_dificiles,263,HNC-V2_053-P04,482,TXT-0483,4e39f505d941799b967a12f77413059afc9c4953a0e85d47e16cf567c30c0794
584,negativos_dificiles,264,HNC-V2_053-P05,483,TXT-0484,6b1655b05a1581ad8ef89576583d6165eceaeb630e737b3bb74b31f7cb181780
585,negativos_dificiles,265,HNC-V2_054-P01,484,TXT-0485,249ecf1c776cbc94f133d4f65de747629b25057aa342548f6533c27d462c161e
586,negativos_dificiles,266,HNC-V2_054-P02,485,TXT-0486,1cea398cd14ca68763a1e50926732102984a249991555de6e7a56a3d15f1b30b
587,negativos_dificiles,267,HNC-V2_054-P03,265,TXT-0266,ec24925ee257f9be1947a4c573c1e19d5b24be66e5a3d5d4222a2feca5ab46af
588,negativos_dificiles,268,HNC-V2_054-P04,486,TXT-0487,357a0f1fdba5d22e0cfb26fa38ad3917bd2dc8bc51cc3847cdc317bd44f5d8eb
589,negativos_dificiles,269,HNC-V2_054-P05,210,TXT-0211,f4cc115002cf51ad1cc0d526932ea10e5d138d19577da83950471d8c71479722
590,negativos_dificiles,270,HNC-V2_055-P01,487,TXT-0488,23a35eca30ef846ca03221935ab4b58ec808d0d60526aed1415a0a869521ee61
591,negativos_dificiles,271,HNC-V2_055-P02,488,TXT-0489,ef966ae9cc067f75a0ff1cae063ba8283410b3deb99046420ed9fc4475d6ca1f
592,negativos_dificiles,272,HNC-V2_055-P03,275,TXT-0276,0354aa04d6974f417ae5f303d74c668b9a4f4dcccbca7a2a9d2ff4ba410b41d4
593,negativos_dificiles,273,HNC-V2_055-P04,489,TXT-0490,91d96c7b285d9f81d9225849e05c6f23f24986cb68b1d7482b57e8980b8cea15
594,negativos_dificiles,274,HNC-V2_055-P05,270,TXT-0271,96e1778a99b2fe138ff5de51396173808abc7fb76f1b0d89fa549f079c7f3e7b
595,negativos_dificiles,275,HNC-V2_056-P01,490,TXT-0491,b6196de29e6a582988aacdf3245cb4fb96ea16ef461e3fbc61fb0780b87bd361
596,negativos_dificiles,276,HNC-V2_056-P02,491,TXT-0492,a49a942d6074cf01e3031e6c9a057cb032f64b8a4b7d04e69a5b796099cb2d6e
597,negativos_dificiles,277,HNC-V2_056-P03,275,TXT-0276,0354aa04d6974f417ae5f303d74c668b9a4f4dcccbca7a2a9d2ff4ba410b41d4
598,negativos_dificiles,278,HNC-V2_056-P04,492,TXT-0493,8264c885f176e7667a0329213caea991103f225fa193b903301780c03c461c49
599,negativos_dificiles,279,HNC-V2_056-P05,493,TXT-0494,2b01dfc35bc97efa24cc6de98594a9bb6d6a2023a291aa21e3d560c43c49af86
