colorless_caption_id,structure_id,template_id,is_canonical,pattern_id,motif,orientation,composition,symmetry,caption_text,caption_sha256,relevant_image_ids,relevant_semantic_ids,relevant_count
SCAP-A3FE31524DCA0243-TPL_01,STR-A3FE31524DCA0243,TPL_01,true,bands_horizontal,bandas geométricas,horizontal,bandas,repetitiva,Patr?n geom?trico sint?tico con bandas geométricas como motivo principal; orientaci?n horizontal; composici?n en bandas; simetr?a repetitiva.,5df4e4f65176c16f1c77fa39b9a328e256d5f82f8911385ec6da75e9ce789d2b,V2_001|V2_002|V2_003|V2_004|V2_005|V2_031|V2_032,SEM-5385CECF3CA2ED7C|SEM-5B84448A62787787|SEM-726372BFFF43534D|SEM-7418F4CCBDB8F621|SEM-7CE10D3F8F559237|SEM-CA5D6EBFCD7B84E3|SEM-EBDDE1D48F194248,7
SCAP-A3FE31524DCA0243-TPL_02,STR-A3FE31524DCA0243,TPL_02,false,bands_horizontal,bandas geométricas,horizontal,bandas,repetitiva,"Imagen abstracta formada por bandas geométricas, con orientación horizontal, composición en bandas y simetría repetitiva.",715539009ad80a747bc2d97afa186b1be8b99b1462125a1cf323898dbc2257f4,V2_001|V2_002|V2_003|V2_004|V2_005|V2_031|V2_032,SEM-5385CECF3CA2ED7C|SEM-5B84448A62787787|SEM-726372BFFF43534D|SEM-7418F4CCBDB8F621|SEM-7CE10D3F8F559237|SEM-CA5D6EBFCD7B84E3|SEM-EBDDE1D48F194248,7
SCAP-A3FE31524DCA0243-TPL_03,STR-A3FE31524DCA0243,TPL_03,false,bands_horizontal,bandas geométricas,horizontal,bandas,repetitiva,"Diseño de composición en bandas que muestra bandas geométricas, orientación horizontal y simetría repetitiva.",26f4998c3e987cc28e4410a180f559e17c4e78786db4d7476eae7ff4f87bc4b8,V2_001|V2_002|V2_003|V2_004|V2_005|V2_031|V2_032,SEM-5385CECF3CA2ED7C|SEM-5B84448A62787787|SEM-726372BFFF43534D|SEM-7418F4CCBDB8F621|SEM-7CE10D3F8F559237|SEM-CA5D6EBFCD7B84E3|SEM-EBDDE1D48F194248,7
SCAP-A3FE31524DCA0243-TPL_04,STR-A3FE31524DCA0243,TPL_04,false,bands_horizontal,bandas geométricas,horizontal,bandas,repetitiva,"Representación sintética de bandas geométricas; la orientación es horizontal, la composición es en bandas y la simetría es repetitiva.",8ec99bf8895d263e5e881cfa7098cf6dc00a54796680ca5bd7ec250a1617280d,V2_001|V2_002|V2_003|V2_004|V2_005|V2_031|V2_032,SEM-5385CECF3CA2ED7C|SEM-5B84448A62787787|SEM-726372BFFF43534D|SEM-7418F4CCBDB8F621|SEM-7CE10D3F8F559237|SEM-CA5D6EBFCD7B84E3|SEM-EBDDE1D48F194248,7
SCAP-A3FE31524DCA0243-TPL_05,STR-A3FE31524DCA0243,TPL_05,false,bands_horizontal,bandas geométricas,horizontal,bandas,repetitiva,"Textura geom?trica sint?tica con bandas geométricas, orientaci?n horizontal, composici?n en bandas y simetr?a repetitiva.",02bbee7ebb03c7280d827e57a7ddb7c559a285cb4b38b99e93228fa9db432787,V2_001|V2_002|V2_003|V2_004|V2_005|V2_031|V2_032,SEM-5385CECF3CA2ED7C|SEM-5B84448A62787787|SEM-726372BFFF43534D|SEM-7418F4CCBDB8F621|SEM-7CE10D3F8F559237|SEM-CA5D6EBFCD7B84E3|SEM-EBDDE1D48F194248,7
SCAP-390DD4719A974C7E-TPL_01,STR-390DD4719A974C7E,TPL_01,true,bands_vertical,bandas geométricas,vertical,bandas,repetitiva,Patr?n geom?trico sint?tico con bandas geométricas como motivo principal; orientaci?n vertical; composici?n en bandas; simetr?a repetitiva.,2d3da52eb390dfb983372fd1ac967d5bef18607e898fb6949846b0faf7bf87e7,V2_006|V2_007|V2_008|V2_009|V2_010|V2_033|V2_034,SEM-0EFA93DD8D5CE9AD|SEM-4699702E8A447735|SEM-5B7B82044BDAE8EB|SEM-657EAE79EA891854|SEM-7E4D8819AF0D376B|SEM-E53EDC29A9BA52BC|SEM-F49183E2AB7334C9,7
SCAP-390DD4719A974C7E-TPL_02,STR-390DD4719A974C7E,TPL_02,false,bands_vertical,bandas geométricas,vertical,bandas,repetitiva,"Imagen abstracta formada por bandas geométricas, con orientación vertical, composición en bandas y simetría repetitiva.",2403990ee92539cc023d9fbee2c331f3522662536c7aa6d0037e7e7ed29eb538,V2_006|V2_007|V2_008|V2_009|V2_010|V2_033|V2_034,SEM-0EFA93DD8D5CE9AD|SEM-4699702E8A447735|SEM-5B7B82044BDAE8EB|SEM-657EAE79EA891854|SEM-7E4D8819AF0D376B|SEM-E53EDC29A9BA52BC|SEM-F49183E2AB7334C9,7
SCAP-390DD4719A974C7E-TPL_03,STR-390DD4719A974C7E,TPL_03,false,bands_vertical,bandas geométricas,vertical,bandas,repetitiva,"Diseño de composición en bandas que muestra bandas geométricas, orientación vertical y simetría repetitiva.",fd5a33739487e36684f982fe3a95a411f3ed19ac9ed0cb2250599546de02833e,V2_006|V2_007|V2_008|V2_009|V2_010|V2_033|V2_034,SEM-0EFA93DD8D5CE9AD|SEM-4699702E8A447735|SEM-5B7B82044BDAE8EB|SEM-657EAE79EA891854|SEM-7E4D8819AF0D376B|SEM-E53EDC29A9BA52BC|SEM-F49183E2AB7334C9,7
SCAP-390DD4719A974C7E-TPL_04,STR-390DD4719A974C7E,TPL_04,false,bands_vertical,bandas geométricas,vertical,bandas,repetitiva,"Representación sintética de bandas geométricas; la orientación es vertical, la composición es en bandas y la simetría es repetitiva.",94a741ccac22af578da6524c222665f8a237d36a22384fdb19adf2bd20b0d625,V2_006|V2_007|V2_008|V2_009|V2_010|V2_033|V2_034,SEM-0EFA93DD8D5CE9AD|SEM-4699702E8A447735|SEM-5B7B82044BDAE8EB|SEM-657EAE79EA891854|SEM-7E4D8819AF0D376B|SEM-E53EDC29A9BA52BC|SEM-F49183E2AB7334C9,7
SCAP-390DD4719A974C7E-TPL_05,STR-390DD4719A974C7E,TPL_05,false,bands_vertical,bandas geométricas,vertical,bandas,repetitiva,"Textura geom?trica sint?tica con bandas geométricas, orientaci?n vertical, composici?n en bandas y simetr?a repetitiva.",41e345f0ff3f2ff39a481756592df2fec55cccf9b0ced2c2a2d9e581d40567c8,V2_006|V2_007|V2_008|V2_009|V2_010|V2_033|V2_034,SEM-0EFA93DD8D5CE9AD|SEM-4699702E8A447735|SEM-5B7B82044BDAE8EB|SEM-657EAE79EA891854|SEM-7E4D8819AF0D376B|SEM-E53EDC29A9BA52BC|SEM-F49183E2AB7334C9,7
SCAP-83B17E3514D80A83-TPL_01,STR-83B17E3514D80A83,TPL_01,true,diamonds_central,rombos,diagonal,central,bilateral,Patr?n geom?trico sint?tico con rombos como motivo principal; orientaci?n diagonal; composici?n central; simetr?a bilateral.,ba144ff16744fbb2118cb51fd0e57faed9eb138c9dfa9c9dd5d5b26ab05d4d06,V2_011|V2_012|V2_013|V2_014|V2_015|V2_035|V2_036,SEM-48FFBCDFBB1178FE|SEM-6C847486A44390D1|SEM-A391BDC002181DD1|SEM-B0502F5A4E58AF67|SEM-E6BF74678BDAC828|SEM-F5F0E5F56F3B9CDD|SEM-FFE7DFAAFAF2AC61,7
SCAP-83B17E3514D80A83-TPL_02,STR-83B17E3514D80A83,TPL_02,false,diamonds_central,rombos,diagonal,central,bilateral,"Imagen abstracta formada por rombos, con orientación diagonal, composición central y simetría bilateral.",a74e0ca871bb00212280ec2e81efc2082c5001adbdbed345f824b5c1143ecbf9,V2_011|V2_012|V2_013|V2_014|V2_015|V2_035|V2_036,SEM-48FFBCDFBB1178FE|SEM-6C847486A44390D1|SEM-A391BDC002181DD1|SEM-B0502F5A4E58AF67|SEM-E6BF74678BDAC828|SEM-F5F0E5F56F3B9CDD|SEM-FFE7DFAAFAF2AC61,7
SCAP-83B17E3514D80A83-TPL_03,STR-83B17E3514D80A83,TPL_03,false,diamonds_central,rombos,diagonal,central,bilateral,"Diseño de composición central que muestra rombos, orientación diagonal y simetría bilateral.",a73410cf451f2db76652c13e0de262f1059aff505fdfba982d6da359e43a7744,V2_011|V2_012|V2_013|V2_014|V2_015|V2_035|V2_036,SEM-48FFBCDFBB1178FE|SEM-6C847486A44390D1|SEM-A391BDC002181DD1|SEM-B0502F5A4E58AF67|SEM-E6BF74678BDAC828|SEM-F5F0E5F56F3B9CDD|SEM-FFE7DFAAFAF2AC61,7
SCAP-83B17E3514D80A83-TPL_04,STR-83B17E3514D80A83,TPL_04,false,diamonds_central,rombos,diagonal,central,bilateral,"Representación sintética de rombos; la orientación es diagonal, la composición es central y la simetría es bilateral.",5e204ce0315d407e2f2a1764eb13cff491d8b71ccda55e1b6f779bf8d1333828,V2_011|V2_012|V2_013|V2_014|V2_015|V2_035|V2_036,SEM-48FFBCDFBB1178FE|SEM-6C847486A44390D1|SEM-A391BDC002181DD1|SEM-B0502F5A4E58AF67|SEM-E6BF74678BDAC828|SEM-F5F0E5F56F3B9CDD|SEM-FFE7DFAAFAF2AC61,7
SCAP-83B17E3514D80A83-TPL_05,STR-83B17E3514D80A83,TPL_05,false,diamonds_central,rombos,diagonal,central,bilateral,"Textura geom?trica sint?tica con rombos, orientaci?n diagonal, composici?n central y simetr?a bilateral.",d70ba936ff89b1186ae46f4cb7e1e284127717a8494bbcc135e31405d1f77c90,V2_011|V2_012|V2_013|V2_014|V2_015|V2_035|V2_036,SEM-48FFBCDFBB1178FE|SEM-6C847486A44390D1|SEM-A391BDC002181DD1|SEM-B0502F5A4E58AF67|SEM-E6BF74678BDAC828|SEM-F5F0E5F56F3B9CDD|SEM-FFE7DFAAFAF2AC61,7
SCAP-32D96D397FD7BD30-TPL_01,STR-32D96D397FD7BD30,TPL_01,true,grecas_modular,grecas escalonadas,horizontal,modular,repetitiva,Patr?n geom?trico sint?tico con grecas escalonadas como motivo principal; orientaci?n horizontal; composici?n modular; simetr?a repetitiva.,65412bf348781cd0fc6a81b97bf3dacc2e218de93e71df0b4a629978be44116e,V2_016|V2_017|V2_018|V2_019|V2_020|V2_037|V2_038,SEM-1F7D0D80E51AE939|SEM-2D499E7E496213F7|SEM-5300F3F8950CB672|SEM-8DD56A09C7883053|SEM-92B4FA22CEDB29E6|SEM-A02450BA65AD4237|SEM-B4047E6372E8425A,7
SCAP-32D96D397FD7BD30-TPL_02,STR-32D96D397FD7BD30,TPL_02,false,grecas_modular,grecas escalonadas,horizontal,modular,repetitiva,"Imagen abstracta formada por grecas escalonadas, con orientación horizontal, composición modular y simetría repetitiva.",3ba8fe3347a57bae57c1a7ccb8845de8b35c0f667dfd61e68c6c3660568a193b,V2_016|V2_017|V2_018|V2_019|V2_020|V2_037|V2_038,SEM-1F7D0D80E51AE939|SEM-2D499E7E496213F7|SEM-5300F3F8950CB672|SEM-8DD56A09C7883053|SEM-92B4FA22CEDB29E6|SEM-A02450BA65AD4237|SEM-B4047E6372E8425A,7
SCAP-32D96D397FD7BD30-TPL_03,STR-32D96D397FD7BD30,TPL_03,false,grecas_modular,grecas escalonadas,horizontal,modular,repetitiva,"Diseño de composición modular que muestra grecas escalonadas, orientación horizontal y simetría repetitiva.",fef5fc335a8a5e285e3450e2726a273f54f79eed7bf706f386d1b6decb00581d,V2_016|V2_017|V2_018|V2_019|V2_020|V2_037|V2_038,SEM-1F7D0D80E51AE939|SEM-2D499E7E496213F7|SEM-5300F3F8950CB672|SEM-8DD56A09C7883053|SEM-92B4FA22CEDB29E6|SEM-A02450BA65AD4237|SEM-B4047E6372E8425A,7
SCAP-32D96D397FD7BD30-TPL_04,STR-32D96D397FD7BD30,TPL_04,false,grecas_modular,grecas escalonadas,horizontal,modular,repetitiva,"Representación sintética de grecas escalonadas; la orientación es horizontal, la composición es modular y la simetría es repetitiva.",8c8dcd2444e664f3cee5387653372e59336a535216459307a1a70559516518bf,V2_016|V2_017|V2_018|V2_019|V2_020|V2_037|V2_038,SEM-1F7D0D80E51AE939|SEM-2D499E7E496213F7|SEM-5300F3F8950CB672|SEM-8DD56A09C7883053|SEM-92B4FA22CEDB29E6|SEM-A02450BA65AD4237|SEM-B4047E6372E8425A,7
SCAP-32D96D397FD7BD30-TPL_05,STR-32D96D397FD7BD30,TPL_05,false,grecas_modular,grecas escalonadas,horizontal,modular,repetitiva,"Textura geom?trica sint?tica con grecas escalonadas, orientaci?n horizontal, composici?n modular y simetr?a repetitiva.",211a0b25982788f54993be75f34de8d2c5fbf90e2bfde3c06112497be89556ee,V2_016|V2_017|V2_018|V2_019|V2_020|V2_037|V2_038,SEM-1F7D0D80E51AE939|SEM-2D499E7E496213F7|SEM-5300F3F8950CB672|SEM-8DD56A09C7883053|SEM-92B4FA22CEDB29E6|SEM-A02450BA65AD4237|SEM-B4047E6372E8425A,7
SCAP-EFDC071AF166C8C3-TPL_01,STR-EFDC071AF166C8C3,TPL_01,true,grid_reticular,cuadrícula geométrica,bidireccional,reticular,repetitiva,Patr?n geom?trico sint?tico con una cuadrícula geométrica como motivo principal; orientaci?n bidireccional; composici?n reticular; simetr?a repetitiva.,cb0564b06de737aadfe708e7de0aa707dd2b02daab5ea9bd391d4783e0b6598b,V2_021|V2_022|V2_023|V2_024|V2_025|V2_039|V2_040,SEM-07F558960B386287|SEM-14694FF153156266|SEM-55B6A0B004427F80|SEM-99B04CC5A7706E4B|SEM-C35EEC4AAFF32C4A|SEM-E18D189C6A8F47C1|SEM-E2B97A08DEBB8084,7
SCAP-EFDC071AF166C8C3-TPL_02,STR-EFDC071AF166C8C3,TPL_02,false,grid_reticular,cuadrícula geométrica,bidireccional,reticular,repetitiva,"Imagen abstracta formada por una cuadrícula geométrica, con orientación bidireccional, composición reticular y simetría repetitiva.",909319f897f84bbbc6a8eba896a1f3a4c34b10b9b34ede22d2540306fc1e2dc0,V2_021|V2_022|V2_023|V2_024|V2_025|V2_039|V2_040,SEM-07F558960B386287|SEM-14694FF153156266|SEM-55B6A0B004427F80|SEM-99B04CC5A7706E4B|SEM-C35EEC4AAFF32C4A|SEM-E18D189C6A8F47C1|SEM-E2B97A08DEBB8084,7
SCAP-EFDC071AF166C8C3-TPL_03,STR-EFDC071AF166C8C3,TPL_03,false,grid_reticular,cuadrícula geométrica,bidireccional,reticular,repetitiva,"Diseño de composición reticular que muestra una cuadrícula geométrica, orientación bidireccional y simetría repetitiva.",45c38883379e275892409270afe235ea83ced49c457bc5ee4606bfe058b567b5,V2_021|V2_022|V2_023|V2_024|V2_025|V2_039|V2_040,SEM-07F558960B386287|SEM-14694FF153156266|SEM-55B6A0B004427F80|SEM-99B04CC5A7706E4B|SEM-C35EEC4AAFF32C4A|SEM-E18D189C6A8F47C1|SEM-E2B97A08DEBB8084,7
SCAP-EFDC071AF166C8C3-TPL_04,STR-EFDC071AF166C8C3,TPL_04,false,grid_reticular,cuadrícula geométrica,bidireccional,reticular,repetitiva,"Representación sintética de una cuadrícula geométrica; la orientación es bidireccional, la composición es reticular y la simetría es repetitiva.",577e7bd9d2296a637b84ded93a0867b5628479dd233dbb11059470ae111bb045,V2_021|V2_022|V2_023|V2_024|V2_025|V2_039|V2_040,SEM-07F558960B386287|SEM-14694FF153156266|SEM-55B6A0B004427F80|SEM-99B04CC5A7706E4B|SEM-C35EEC4AAFF32C4A|SEM-E18D189C6A8F47C1|SEM-E2B97A08DEBB8084,7
SCAP-EFDC071AF166C8C3-TPL_05,STR-EFDC071AF166C8C3,TPL_05,false,grid_reticular,cuadrícula geométrica,bidireccional,reticular,repetitiva,"Textura geom?trica sint?tica con una cuadrícula geométrica, orientaci?n bidireccional, composici?n reticular y simetr?a repetitiva.",0fa31913a6041dc97be3d1d614ccfd4ddd9471ad1690d1ac888680dd84ee319c,V2_021|V2_022|V2_023|V2_024|V2_025|V2_039|V2_040,SEM-07F558960B386287|SEM-14694FF153156266|SEM-55B6A0B004427F80|SEM-99B04CC5A7706E4B|SEM-C35EEC4AAFF32C4A|SEM-E18D189C6A8F47C1|SEM-E2B97A08DEBB8084,7
SCAP-7193EBD1DE12399C-TPL_01,STR-7193EBD1DE12399C,TPL_01,true,mixed_asymmetric,motivos geométricos combinados,mixta,mixta,asimétrica,Patr?n geom?trico sint?tico con motivos geométricos combinados como motivo principal; orientaci?n mixta; composici?n mixta; simetr?a asimétrica.,4a3e0abc2193b481d1c23544fc737c014ecccd21d5bbea12276d31821e2856c8,V2_026|V2_027|V2_028|V2_029|V2_030|V2_041|V2_042,SEM-13F83CA2D0998B44|SEM-395AFC2FCA575E5C|SEM-395EB585FE6F4A0F|SEM-4F620F242D17BFDE|SEM-7182256D7B84CB51|SEM-A81DDA56894526D2|SEM-E7CF6ADDFBA2B989,7
SCAP-7193EBD1DE12399C-TPL_02,STR-7193EBD1DE12399C,TPL_02,false,mixed_asymmetric,motivos geométricos combinados,mixta,mixta,asimétrica,"Imagen abstracta formada por motivos geométricos combinados, con orientación mixta, composición mixta y simetría asimétrica.",213f22a15f57a20fbe655acc147314ecb7a7694948bde8ec42ebedf363fa4db7,V2_026|V2_027|V2_028|V2_029|V2_030|V2_041|V2_042,SEM-13F83CA2D0998B44|SEM-395AFC2FCA575E5C|SEM-395EB585FE6F4A0F|SEM-4F620F242D17BFDE|SEM-7182256D7B84CB51|SEM-A81DDA56894526D2|SEM-E7CF6ADDFBA2B989,7
SCAP-7193EBD1DE12399C-TPL_03,STR-7193EBD1DE12399C,TPL_03,false,mixed_asymmetric,motivos geométricos combinados,mixta,mixta,asimétrica,"Diseño de composición mixta que muestra motivos geométricos combinados, orientación mixta y simetría asimétrica.",916532410efd778a6528e2ae042c0e53dac9cc033fae22fabf743e07b6c13ab7,V2_026|V2_027|V2_028|V2_029|V2_030|V2_041|V2_042,SEM-13F83CA2D0998B44|SEM-395AFC2FCA575E5C|SEM-395EB585FE6F4A0F|SEM-4F620F242D17BFDE|SEM-7182256D7B84CB51|SEM-A81DDA56894526D2|SEM-E7CF6ADDFBA2B989,7
SCAP-7193EBD1DE12399C-TPL_04,STR-7193EBD1DE12399C,TPL_04,false,mixed_asymmetric,motivos geométricos combinados,mixta,mixta,asimétrica,"Representación sintética de motivos geométricos combinados; la orientación es mixta, la composición es mixta y la simetría es asimétrica.",97ba53fc44634843ac6a64c1e9b6533f4df3e42788682bad13eea0dae3fb48d9,V2_026|V2_027|V2_028|V2_029|V2_030|V2_041|V2_042,SEM-13F83CA2D0998B44|SEM-395AFC2FCA575E5C|SEM-395EB585FE6F4A0F|SEM-4F620F242D17BFDE|SEM-7182256D7B84CB51|SEM-A81DDA56894526D2|SEM-E7CF6ADDFBA2B989,7
SCAP-7193EBD1DE12399C-TPL_05,STR-7193EBD1DE12399C,TPL_05,false,mixed_asymmetric,motivos geométricos combinados,mixta,mixta,asimétrica,"Textura geom?trica sint?tica con motivos geométricos combinados, orientaci?n mixta, composici?n mixta y simetr?a asimétrica.",13c92f0916c89a7ceb5092935568fb2c0b072bee609b0a4c86f81c4316359b78,V2_026|V2_027|V2_028|V2_029|V2_030|V2_041|V2_042,SEM-13F83CA2D0998B44|SEM-395AFC2FCA575E5C|SEM-395EB585FE6F4A0F|SEM-4F620F242D17BFDE|SEM-7182256D7B84CB51|SEM-A81DDA56894526D2|SEM-E7CF6ADDFBA2B989,7
SCAP-DBE3E9729199A70D-TPL_01,STR-DBE3E9729199A70D,TPL_01,true,chevrons_diagonal,chevrones,diagonal,bandas,repetitiva,Patr?n geom?trico sint?tico con chevrones como motivo principal; orientaci?n diagonal; composici?n en bandas; simetr?a repetitiva.,38ac337e19da102ee6a69be25046f3f9340fb6a5394b0debf799d3ae9f511240,V2_043|V2_044|V2_045|V2_046|V2_047|V2_053|V2_054,SEM-14E04EF9E89810AE|SEM-20B860903E0F0C0C|SEM-2FFA4D814BEBCF16|SEM-56C4D842DA98D20F|SEM-65762749FD7D9D05|SEM-C4C38215AF96E506|SEM-C6432B9E4CDBB5A7,7
SCAP-DBE3E9729199A70D-TPL_02,STR-DBE3E9729199A70D,TPL_02,false,chevrons_diagonal,chevrones,diagonal,bandas,repetitiva,"Imagen abstracta formada por chevrones, con orientación diagonal, composición en bandas y simetría repetitiva.",42eac6dfb41dc922fd3905cd04144b73a527d454feffe277cc14a09ebf9f9a33,V2_043|V2_044|V2_045|V2_046|V2_047|V2_053|V2_054,SEM-14E04EF9E89810AE|SEM-20B860903E0F0C0C|SEM-2FFA4D814BEBCF16|SEM-56C4D842DA98D20F|SEM-65762749FD7D9D05|SEM-C4C38215AF96E506|SEM-C6432B9E4CDBB5A7,7
SCAP-DBE3E9729199A70D-TPL_03,STR-DBE3E9729199A70D,TPL_03,false,chevrons_diagonal,chevrones,diagonal,bandas,repetitiva,"Diseño de composición en bandas que muestra chevrones, orientación diagonal y simetría repetitiva.",30c457402636a43af4471dd0acb9f405cdfb456d9b08aec4d79529b408e86fd7,V2_043|V2_044|V2_045|V2_046|V2_047|V2_053|V2_054,SEM-14E04EF9E89810AE|SEM-20B860903E0F0C0C|SEM-2FFA4D814BEBCF16|SEM-56C4D842DA98D20F|SEM-65762749FD7D9D05|SEM-C4C38215AF96E506|SEM-C6432B9E4CDBB5A7,7
SCAP-DBE3E9729199A70D-TPL_04,STR-DBE3E9729199A70D,TPL_04,false,chevrons_diagonal,chevrones,diagonal,bandas,repetitiva,"Representación sintética de chevrones; la orientación es diagonal, la composición es en bandas y la simetría es repetitiva.",818d3b6743f34dd75dd7c10aa64b8725cf165d337af857a0e0fff6282341509a,V2_043|V2_044|V2_045|V2_046|V2_047|V2_053|V2_054,SEM-14E04EF9E89810AE|SEM-20B860903E0F0C0C|SEM-2FFA4D814BEBCF16|SEM-56C4D842DA98D20F|SEM-65762749FD7D9D05|SEM-C4C38215AF96E506|SEM-C6432B9E4CDBB5A7,7
SCAP-DBE3E9729199A70D-TPL_05,STR-DBE3E9729199A70D,TPL_05,false,chevrons_diagonal,chevrones,diagonal,bandas,repetitiva,"Textura geom?trica sint?tica con chevrones, orientaci?n diagonal, composici?n en bandas y simetr?a repetitiva.",65d616f6fd574d837978fd300200513c7e2bb437454774b1736b9409a4587936,V2_043|V2_044|V2_045|V2_046|V2_047|V2_053|V2_054,SEM-14E04EF9E89810AE|SEM-20B860903E0F0C0C|SEM-2FFA4D814BEBCF16|SEM-56C4D842DA98D20F|SEM-65762749FD7D9D05|SEM-C4C38215AF96E506|SEM-C6432B9E4CDBB5A7,7
SCAP-74979A46916B9B50-TPL_01,STR-74979A46916B9B50,TPL_01,true,circles_concentric,círculos concéntricos,radial,central,radial,Patr?n geom?trico sint?tico con círculos concéntricos como motivo principal; orientaci?n radial; composici?n central; simetr?a radial.,d81b08a7ccd42cb4fd32eeead0024152706631a588daa7a2e7ea05a8208bf82a,V2_048|V2_049|V2_050|V2_051|V2_052|V2_055|V2_056,SEM-0920FB69B33089FA|SEM-1076CAB99B86DF83|SEM-6D37CFF774A2170A|SEM-B3C4DB2C1AD51CA9|SEM-E1BF16D5596893CB|SEM-EE8AABF8E6A4B9F8|SEM-FC6C9490A1241F7A,7
SCAP-74979A46916B9B50-TPL_02,STR-74979A46916B9B50,TPL_02,false,circles_concentric,círculos concéntricos,radial,central,radial,"Imagen abstracta formada por círculos concéntricos, con orientación radial, composición central y simetría radial.",490d35b2f9e3f0a3e043699b09be64a258ebc6c8d97cddb0b6d948ea34b5ffa1,V2_048|V2_049|V2_050|V2_051|V2_052|V2_055|V2_056,SEM-0920FB69B33089FA|SEM-1076CAB99B86DF83|SEM-6D37CFF774A2170A|SEM-B3C4DB2C1AD51CA9|SEM-E1BF16D5596893CB|SEM-EE8AABF8E6A4B9F8|SEM-FC6C9490A1241F7A,7
SCAP-74979A46916B9B50-TPL_03,STR-74979A46916B9B50,TPL_03,false,circles_concentric,círculos concéntricos,radial,central,radial,"Diseño de composición central que muestra círculos concéntricos, orientación radial y simetría radial.",61f35da0f7c2b0e5bbb198d4dd93a81d3978d3dd5510636efa04238b2a279ede,V2_048|V2_049|V2_050|V2_051|V2_052|V2_055|V2_056,SEM-0920FB69B33089FA|SEM-1076CAB99B86DF83|SEM-6D37CFF774A2170A|SEM-B3C4DB2C1AD51CA9|SEM-E1BF16D5596893CB|SEM-EE8AABF8E6A4B9F8|SEM-FC6C9490A1241F7A,7
SCAP-74979A46916B9B50-TPL_04,STR-74979A46916B9B50,TPL_04,false,circles_concentric,círculos concéntricos,radial,central,radial,"Representación sintética de círculos concéntricos; la orientación es radial, la composición es central y la simetría es radial.",0061355aee2c04fd4fd9d7136e33516ca58cdfece8cc7f2449949dceb05a8269,V2_048|V2_049|V2_050|V2_051|V2_052|V2_055|V2_056,SEM-0920FB69B33089FA|SEM-1076CAB99B86DF83|SEM-6D37CFF774A2170A|SEM-B3C4DB2C1AD51CA9|SEM-E1BF16D5596893CB|SEM-EE8AABF8E6A4B9F8|SEM-FC6C9490A1241F7A,7
SCAP-74979A46916B9B50-TPL_05,STR-74979A46916B9B50,TPL_05,false,circles_concentric,círculos concéntricos,radial,central,radial,"Textura geom?trica sint?tica con círculos concéntricos, orientaci?n radial, composici?n central y simetr?a radial.",2ef233f8263555a514ea623485540cad0a7aa11fb051bef0b0be4c63f45d3857,V2_048|V2_049|V2_050|V2_051|V2_052|V2_055|V2_056,SEM-0920FB69B33089FA|SEM-1076CAB99B86DF83|SEM-6D37CFF774A2170A|SEM-B3C4DB2C1AD51CA9|SEM-E1BF16D5596893CB|SEM-EE8AABF8E6A4B9F8|SEM-FC6C9490A1241F7A,7
