query_index,query_id,rank,candidate_id,candidate_position,text_row_index,score,is_positive,relevance_label,candidate_role,changed_attribute,negative_type,is_global_positive_text,is_negative_global_overlap
0,HNQ-V2_001,1,HNC-V2_001-P01,1,320,0.342061758041,false,0,hard_negative,motif,counterfactual_only,false,false
0,HNQ-V2_001,2,HNC-V2_001-P03,3,25,0.338100582361,false,0,hard_negative,orientation,global_overlap,true,true
0,HNQ-V2_001,3,HNC-V2_001-P02,2,0,0.337622284889,true,1,positive,,not_applicable,true,false
0,HNQ-V2_001,4,HNC-V2_001-P04,4,321,0.333545625210,false,0,hard_negative,composition,counterfactual_only,false,false
0,HNQ-V2_001,5,HNC-V2_001-P05,5,322,0.331341505051,false,0,hard_negative,symmetry,counterfactual_only,false,false
1,HNQ-V2_002,1,HNC-V2_002-P04,4,5,0.365009844303,true,1,positive,,not_applicable,true,false
1,HNQ-V2_002,2,HNC-V2_002-P01,1,30,0.364559739828,false,0,hard_negative,orientation,global_overlap,true,true
1,HNQ-V2_002,3,HNC-V2_002-P03,3,324,0.361652255058,false,0,hard_negative,symmetry,counterfactual_only,false,false
1,HNQ-V2_002,4,HNC-V2_002-P02,2,323,0.357358187437,false,0,hard_negative,composition,counterfactual_only,false,false
1,HNQ-V2_002,5,HNC-V2_002-P05,5,10,0.273289084435,false,0,hard_negative,palette_id,global_overlap,true,true
2,HNQ-V2_003,1,HNC-V2_003-P05,5,327,0.341003328562,false,0,hard_negative,motif,counterfactual_only,false,false
2,HNQ-V2_003,2,HNC-V2_003-P01,1,10,0.335728734732,true,1,positive,,not_applicable,true,false
2,HNQ-V2_003,3,HNC-V2_003-P03,3,326,0.329077571630,false,0,hard_negative,symmetry,counterfactual_only,false,false
2,HNQ-V2_003,4,HNC-V2_003-P02,2,325,0.327450931072,false,0,hard_negative,composition,counterfactual_only,false,false
2,HNQ-V2_003,5,HNC-V2_003-P04,4,15,0.199441611767,false,0,hard_negative,palette_id,global_overlap,true,true
3,HNQ-V2_004,1,HNC-V2_004-P04,4,329,0.318920314312,false,0,hard_negative,motif,counterfactual_only,false,false
3,HNQ-V2_004,2,HNC-V2_004-P05,5,40,0.316285490990,false,0,hard_negative,orientation,global_overlap,true,true
3,HNQ-V2_004,3,HNC-V2_004-P03,3,15,0.313583195210,true,1,positive,,not_applicable,true,false
3,HNQ-V2_004,4,HNC-V2_004-P01,1,328,0.308584123850,false,0,hard_negative,symmetry,counterfactual_only,false,false
3,HNQ-V2_004,5,HNC-V2_004-P02,2,20,0.201305955648,false,0,hard_negative,palette_id,global_overlap,true,true
4,HNQ-V2_005,1,HNC-V2_005-P02,2,330,0.364490240812,false,0,hard_negative,motif,counterfactual_only,false,false
4,HNQ-V2_005,2,HNC-V2_005-P05,5,20,0.353165864944,true,1,positive,,not_applicable,true,false
4,HNQ-V2_005,3,HNC-V2_005-P04,4,331,0.350895226002,false,0,hard_negative,composition,counterfactual_only,false,false
4,HNQ-V2_005,4,HNC-V2_005-P03,3,45,0.350616455078,false,0,hard_negative,orientation,global_overlap,true,true
4,HNQ-V2_005,5,HNC-V2_005-P01,1,150,0.272475302219,false,0,hard_negative,palette_id,global_overlap,true,true
5,HNQ-V2_006,1,HNC-V2_006-P03,3,25,0.351220697165,true,1,positive,,not_applicable,true,false
5,HNQ-V2_006,2,HNC-V2_006-P02,2,333,0.344506353140,false,0,hard_negative,composition,counterfactual_only,false,false
5,HNQ-V2_006,3,HNC-V2_006-P04,4,334,0.342948615551,false,0,hard_negative,symmetry,counterfactual_only,false,false
5,HNQ-V2_006,4,HNC-V2_006-P05,5,335,0.341214597225,false,0,hard_negative,motif,counterfactual_only,false,false
5,HNQ-V2_006,5,HNC-V2_006-P01,1,332,0.336569786072,false,0,hard_negative,orientation,counterfactual_only,false,false
6,HNQ-V2_007,1,HNC-V2_007-P05,5,30,0.357411265373,true,1,positive,,not_applicable,true,false
6,HNQ-V2_007,2,HNC-V2_007-P02,2,337,0.353600293398,false,0,hard_negative,symmetry,counterfactual_only,false,false
6,HNQ-V2_007,3,HNC-V2_007-P01,1,336,0.350085556507,false,0,hard_negative,composition,counterfactual_only,false,false
6,HNQ-V2_007,4,HNC-V2_007-P04,4,338,0.339079856873,false,0,hard_negative,orientation,counterfactual_only,false,false
6,HNQ-V2_007,5,HNC-V2_007-P03,3,35,0.264316380024,false,0,hard_negative,palette_id,global_overlap,true,true
7,HNQ-V2_008,1,HNC-V2_008-P04,4,340,0.357435762882,false,0,hard_negative,motif,counterfactual_only,false,false
7,HNQ-V2_008,2,HNC-V2_008-P02,2,35,0.356800109148,true,1,positive,,not_applicable,true,false
7,HNQ-V2_008,3,HNC-V2_008-P01,1,339,0.349534779787,false,0,hard_negative,symmetry,counterfactual_only,false,false
7,HNQ-V2_008,4,HNC-V2_008-P05,5,341,0.346107035875,false,0,hard_negative,composition,counterfactual_only,false,false
7,HNQ-V2_008,5,HNC-V2_008-P03,3,40,0.240525841713,false,0,hard_negative,palette_id,global_overlap,true,true
8,HNQ-V2_009,1,HNC-V2_009-P02,2,342,0.328375875950,false,0,hard_negative,motif,counterfactual_only,false,false
8,HNQ-V2_009,2,HNC-V2_009-P04,4,40,0.327648013830,true,1,positive,,not_applicable,true,false
8,HNQ-V2_009,3,HNC-V2_009-P05,5,344,0.321692526340,false,0,hard_negative,symmetry,counterfactual_only,false,false
8,HNQ-V2_009,4,HNC-V2_009-P03,3,343,0.309929132462,false,0,hard_negative,orientation,counterfactual_only,false,false
8,HNQ-V2_009,5,HNC-V2_009-P01,1,45,0.203769147396,false,0,hard_negative,palette_id,global_overlap,true,true
9,HNQ-V2_010,1,HNC-V2_010-P02,2,345,0.364347040653,false,0,hard_negative,motif,counterfactual_only,false,false
9,HNQ-V2_010,2,HNC-V2_010-P01,1,45,0.356067389250,true,1,positive,,not_applicable,true,false
9,HNQ-V2_010,3,HNC-V2_010-P04,4,347,0.352649033070,false,0,hard_negative,composition,counterfactual_only,false,false
9,HNQ-V2_010,4,HNC-V2_010-P03,3,346,0.342931658030,false,0,hard_negative,orientation,counterfactual_only,false,false
9,HNQ-V2_010,5,HNC-V2_010-P05,5,160,0.270353496075,false,0,hard_negative,palette_id,global_overlap,true,true
10,HNQ-V2_011,1,HNC-V2_011-P03,3,350,0.357849538326,false,0,hard_negative,motif,counterfactual_only,false,false
10,HNQ-V2_011,2,HNC-V2_011-P02,2,349,0.351949870586,false,0,hard_negative,symmetry,counterfactual_only,false,false
10,HNQ-V2_011,3,HNC-V2_011-P04,4,50,0.350548684597,true,1,positive,,not_applicable,true,false
10,HNQ-V2_011,4,HNC-V2_011-P05,5,351,0.341874003410,false,0,hard_negative,orientation,counterfactual_only,false,false
10,HNQ-V2_011,5,HNC-V2_011-P01,1,348,0.335957288742,false,0,hard_negative,composition,counterfactual_only,false,false
11,HNQ-V2_012,1,HNC-V2_012-P01,1,55,0.356498926878,true,1,positive,,not_applicable,true,false
11,HNQ-V2_012,2,HNC-V2_012-P02,2,352,0.356307357550,false,0,hard_negative,symmetry,counterfactual_only,false,false
11,HNQ-V2_012,3,HNC-V2_012-P04,4,353,0.355678409338,false,0,hard_negative,orientation,counterfactual_only,false,false
11,HNQ-V2_012,4,HNC-V2_012-P05,5,354,0.350809961557,false,0,hard_negative,composition,counterfactual_only,false,false
11,HNQ-V2_012,5,HNC-V2_012-P03,3,60,0.271203726530,false,0,hard_negative,palette_id,global_overlap,true,true
12,HNQ-V2_013,1,HNC-V2_013-P05,5,357,0.326865971088,false,0,hard_negative,symmetry,counterfactual_only,false,false
12,HNQ-V2_013,2,HNC-V2_013-P03,3,60,0.324513047934,true,1,positive,,not_applicable,true,false
12,HNQ-V2_013,3,HNC-V2_013-P02,2,355,0.321295797825,false,0,hard_negative,motif,counterfactual_only,false,false
12,HNQ-V2_013,4,HNC-V2_013-P04,4,356,0.318669646978,false,0,hard_negative,composition,counterfactual_only,false,false
12,HNQ-V2_013,5,HNC-V2_013-P01,1,65,0.226910129189,false,0,hard_negative,palette_id,global_overlap,true,true
13,HNQ-V2_014,1,HNC-V2_014-P05,5,65,0.332291722298,true,1,positive,,not_applicable,true,false
13,HNQ-V2_014,2,HNC-V2_014-P03,3,360,0.331165790558,false,0,hard_negative,symmetry,counterfactual_only,false,false
13,HNQ-V2_014,3,HNC-V2_014-P01,1,358,0.330994755030,false,0,hard_negative,motif,counterfactual_only,false,false
13,HNQ-V2_014,4,HNC-V2_014-P02,2,359,0.321459710598,false,0,hard_negative,orientation,counterfactual_only,false,false
13,HNQ-V2_014,5,HNC-V2_014-P04,4,70,0.228990048170,false,0,hard_negative,palette_id,global_overlap,true,true
14,HNQ-V2_015,1,HNC-V2_015-P02,2,70,0.372624814510,true,1,positive,,not_applicable,true,false
14,HNQ-V2_015,2,HNC-V2_015-P05,5,363,0.370604395866,false,0,hard_negative,motif,counterfactual_only,false,false
14,HNQ-V2_015,3,HNC-V2_015-P01,1,361,0.368675321341,false,0,hard_negative,orientation,counterfactual_only,false,false
14,HNQ-V2_015,4,HNC-V2_015-P03,3,362,0.363418221474,false,0,hard_negative,composition,counterfactual_only,false,false
14,HNQ-V2_015,5,HNC-V2_015-P04,4,170,0.265918910503,false,0,hard_negative,palette_id,global_overlap,true,true
15,HNQ-V2_016,1,HNC-V2_016-P05,5,75,0.324525892735,true,1,positive,,not_applicable,true,false
15,HNQ-V2_016,2,HNC-V2_016-P02,2,365,0.319204837084,false,0,hard_negative,motif,counterfactual_only,false,false
15,HNQ-V2_016,3,HNC-V2_016-P01,1,364,0.318345844746,false,0,hard_negative,symmetry,counterfactual_only,false,false
15,HNQ-V2_016,4,HNC-V2_016-P03,3,366,0.313372939825,false,0,hard_negative,orientation,counterfactual_only,false,false
15,HNQ-V2_016,5,HNC-V2_016-P04,4,367,0.311645299196,false,0,hard_negative,composition,counterfactual_only,false,false
16,HNQ-V2_017,1,HNC-V2_017-P05,5,370,0.293549120426,false,0,hard_negative,symmetry,counterfactual_only,false,false
16,HNQ-V2_017,2,HNC-V2_017-P02,2,80,0.290414303541,true,1,positive,,not_applicable,true,false
16,HNQ-V2_017,3,HNC-V2_017-P04,4,369,0.288955301046,false,0,hard_negative,composition,counterfactual_only,false,false
16,HNQ-V2_017,4,HNC-V2_017-P03,3,368,0.283152222633,false,0,hard_negative,orientation,counterfactual_only,false,false
16,HNQ-V2_017,5,HNC-V2_017-P01,1,85,0.267678618431,false,0,hard_negative,palette_id,global_overlap,true,true
17,HNQ-V2_018,1,HNC-V2_018-P04,4,85,0.293968379498,true,1,positive,,not_applicable,true,false
17,HNQ-V2_018,2,HNC-V2_018-P01,1,371,0.293252438307,false,0,hard_negative,motif,counterfactual_only,false,false
17,HNQ-V2_018,3,HNC-V2_018-P03,3,373,0.288758397102,false,0,hard_negative,symmetry,counterfactual_only,false,false
17,HNQ-V2_018,4,HNC-V2_018-P02,2,372,0.287947624922,false,0,hard_negative,composition,counterfactual_only,false,false
17,HNQ-V2_018,5,HNC-V2_018-P05,5,90,0.205119237304,false,0,hard_negative,palette_id,global_overlap,true,true
18,HNQ-V2_019,1,HNC-V2_019-P01,1,90,0.291442334652,true,1,positive,,not_applicable,true,false
18,HNQ-V2_019,2,HNC-V2_019-P05,5,376,0.288939595222,false,0,hard_negative,motif,counterfactual_only,false,false
18,HNQ-V2_019,3,HNC-V2_019-P03,3,375,0.286629915237,false,0,hard_negative,symmetry,counterfactual_only,false,false
18,HNQ-V2_019,4,HNC-V2_019-P02,2,374,0.278940081596,false,0,hard_negative,orientation,counterfactual_only,false,false
18,HNQ-V2_019,5,HNC-V2_019-P04,4,95,0.179946780205,false,0,hard_negative,palette_id,global_overlap,true,true
19,HNQ-V2_020,1,HNC-V2_020-P03,3,95,0.329576432705,true,1,positive,,not_applicable,true,false
19,HNQ-V2_020,2,HNC-V2_020-P04,4,378,0.325133800507,false,0,hard_negative,motif,counterfactual_only,false,false
19,HNQ-V2_020,3,HNC-V2_020-P01,1,377,0.319465994835,false,0,hard_negative,composition,counterfactual_only,false,false
19,HNQ-V2_020,4,HNC-V2_020-P05,5,379,0.319259166718,false,0,hard_negative,orientation,counterfactual_only,false,false
19,HNQ-V2_020,5,HNC-V2_020-P02,2,180,0.265844762325,false,0,hard_negative,palette_id,global_overlap,true,true
20,HNQ-V2_021,1,HNC-V2_021-P02,2,380,0.345542043447,false,0,hard_negative,motif,counterfactual_only,false,false
20,HNQ-V2_021,2,HNC-V2_021-P03,3,381,0.325609326363,false,0,hard_negative,orientation,counterfactual_only,false,false
20,HNQ-V2_021,3,HNC-V2_021-P01,1,100,0.323116242886,true,1,positive,,not_applicable,true,false
20,HNQ-V2_021,4,HNC-V2_021-P05,5,383,0.322640419006,false,0,hard_negative,symmetry,counterfactual_only,false,false
20,HNQ-V2_021,5,HNC-V2_021-P04,4,382,0.319184064865,false,0,hard_negative,composition,counterfactual_only,false,false
21,HNQ-V2_022,1,HNC-V2_022-P01,1,384,0.329700708389,false,0,hard_negative,orientation,counterfactual_only,false,false
21,HNQ-V2_022,2,HNC-V2_022-P04,4,386,0.322558224201,false,0,hard_negative,symmetry,counterfactual_only,false,false
21,HNQ-V2_022,3,HNC-V2_022-P03,3,105,0.321680843830,true,1,positive,,not_applicable,true,false
21,HNQ-V2_022,4,HNC-V2_022-P02,2,385,0.317237019539,false,0,hard_negative,composition,counterfactual_only,false,false
21,HNQ-V2_022,5,HNC-V2_022-P05,5,110,0.258524030447,false,0,hard_negative,palette_id,global_overlap,true,true
22,HNQ-V2_023,1,HNC-V2_023-P04,4,389,0.313709259033,false,0,hard_negative,motif,counterfactual_only,false,false
22,HNQ-V2_023,2,HNC-V2_023-P05,5,110,0.293048202991,true,1,positive,,not_applicable,true,false
22,HNQ-V2_023,3,HNC-V2_023-P01,1,387,0.291988998652,false,0,hard_negative,composition,counterfactual_only,false,false
22,HNQ-V2_023,4,HNC-V2_023-P02,2,388,0.288985550404,false,0,hard_negative,symmetry,counterfactual_only,false,false
22,HNQ-V2_023,5,HNC-V2_023-P03,3,115,0.183410406113,false,0,hard_negative,palette_id,global_overlap,true,true
23,HNQ-V2_024,1,HNC-V2_024-P04,4,391,0.323697149754,false,0,hard_negative,motif,counterfactual_only,false,false
23,HNQ-V2_024,2,HNC-V2_024-P05,5,392,0.306472867727,false,0,hard_negative,orientation,counterfactual_only,false,false
23,HNQ-V2_024,3,HNC-V2_024-P02,2,115,0.305488646030,true,1,positive,,not_applicable,true,false
23,HNQ-V2_024,4,HNC-V2_024-P01,1,390,0.297914922237,false,0,hard_negative,symmetry,counterfactual_only,false,false
23,HNQ-V2_024,5,HNC-V2_024-P03,3,120,0.178566426039,false,0,hard_negative,palette_id,global_overlap,true,true
24,HNQ-V2_025,1,HNC-V2_025-P02,2,393,0.327923566103,false,0,hard_negative,motif,counterfactual_only,false,false
24,HNQ-V2_025,2,HNC-V2_025-P03,3,394,0.311794012785,false,0,hard_negative,orientation,counterfactual_only,false,false
24,HNQ-V2_025,3,HNC-V2_025-P04,4,120,0.306915730238,true,1,positive,,not_applicable,true,false
24,HNQ-V2_025,4,HNC-V2_025-P05,5,395,0.303012430668,false,0,hard_negative,composition,counterfactual_only,false,false
24,HNQ-V2_025,5,HNC-V2_025-P01,1,190,0.222989872098,false,0,hard_negative,palette_id,global_overlap,true,true
25,HNQ-V2_026,1,HNC-V2_026-P03,3,397,0.318497508764,false,0,hard_negative,composition,counterfactual_only,false,false
25,HNQ-V2_026,2,HNC-V2_026-P02,2,125,0.313869118690,true,1,positive,,not_applicable,true,false
25,HNQ-V2_026,3,HNC-V2_026-P05,5,399,0.305288374424,false,0,hard_negative,motif,counterfactual_only,false,false
25,HNQ-V2_026,4,HNC-V2_026-P04,4,398,0.279479920864,false,0,hard_negative,symmetry,counterfactual_only,false,false
25,HNQ-V2_026,5,HNC-V2_026-P01,1,396,0.269478023052,false,0,hard_negative,orientation,counterfactual_only,false,false
26,HNQ-V2_027,1,HNC-V2_027-P01,1,400,0.341005116701,false,0,hard_negative,composition,counterfactual_only,false,false
26,HNQ-V2_027,2,HNC-V2_027-P04,4,130,0.336844861507,true,1,positive,,not_applicable,true,false
26,HNQ-V2_027,3,HNC-V2_027-P02,2,401,0.304777950048,false,0,hard_negative,symmetry,counterfactual_only,false,false
26,HNQ-V2_027,4,HNC-V2_027-P05,5,402,0.296601474285,false,0,hard_negative,orientation,counterfactual_only,false,false
26,HNQ-V2_027,5,HNC-V2_027-P03,3,135,0.284395277500,false,0,hard_negative,palette_id,global_overlap,true,true
27,HNQ-V2_028,1,HNC-V2_028-P05,5,405,0.304106473923,false,0,hard_negative,composition,counterfactual_only,false,false
27,HNQ-V2_028,2,HNC-V2_028-P01,1,135,0.302243560553,true,1,positive,,not_applicable,true,false
27,HNQ-V2_028,3,HNC-V2_028-P04,4,404,0.295515209436,false,0,hard_negative,motif,counterfactual_only,false,false
27,HNQ-V2_028,4,HNC-V2_028-P02,2,403,0.269019246101,false,0,hard_negative,symmetry,counterfactual_only,false,false
27,HNQ-V2_028,5,HNC-V2_028-P03,3,140,0.198650300503,false,0,hard_negative,palette_id,global_overlap,true,true
28,HNQ-V2_029,1,HNC-V2_029-P03,3,140,0.298220574856,true,1,positive,,not_applicable,true,false
28,HNQ-V2_029,2,HNC-V2_029-P02,2,406,0.284954726696,false,0,hard_negative,motif,counterfactual_only,false,false
28,HNQ-V2_029,3,HNC-V2_029-P05,5,408,0.257606774569,false,0,hard_negative,symmetry,counterfactual_only,false,false
28,HNQ-V2_029,4,HNC-V2_029-P04,4,407,0.250443756580,false,0,hard_negative,orientation,counterfactual_only,false,false
28,HNQ-V2_029,5,HNC-V2_029-P01,1,145,0.194666773081,false,0,hard_negative,palette_id,global_overlap,true,true
29,HNQ-V2_030,1,HNC-V2_030-P03,3,411,0.335836708546,false,0,hard_negative,composition,counterfactual_only,false,false
29,HNQ-V2_030,2,HNC-V2_030-P05,5,145,0.331316292286,true,1,positive,,not_applicable,true,false
29,HNQ-V2_030,3,HNC-V2_030-P01,1,409,0.329185545444,false,0,hard_negative,motif,counterfactual_only,false,false
29,HNQ-V2_030,4,HNC-V2_030-P02,2,410,0.288341462612,false,0,hard_negative,orientation,counterfactual_only,false,false
29,HNQ-V2_030,5,HNC-V2_030-P04,4,200,0.247605562210,false,0,hard_negative,palette_id,global_overlap,true,true
30,HNQ-V2_031,1,HNC-V2_031-P04,4,414,0.358331203461,false,0,hard_negative,motif,counterfactual_only,false,false
30,HNQ-V2_031,2,HNC-V2_031-P05,5,160,0.353331208229,false,0,hard_negative,orientation,global_overlap,true,true
30,HNQ-V2_031,3,HNC-V2_031-P03,3,150,0.352500736713,true,1,positive,,not_applicable,true,false
30,HNQ-V2_031,4,HNC-V2_031-P02,2,413,0.347704887390,false,0,hard_negative,symmetry,counterfactual_only,false,false
30,HNQ-V2_031,5,HNC-V2_031-P01,1,412,0.344750285149,false,0,hard_negative,composition,counterfactual_only,false,false
31,HNQ-V2_032,1,HNC-V2_032-P05,5,155,0.333097934723,true,1,positive,,not_applicable,true,false
31,HNQ-V2_032,2,HNC-V2_032-P03,3,165,0.332942306995,false,0,hard_negative,orientation,global_overlap,true,true
31,HNQ-V2_032,3,HNC-V2_032-P04,4,416,0.329373896122,false,0,hard_negative,composition,counterfactual_only,false,false
31,HNQ-V2_032,4,HNC-V2_032-P01,1,415,0.328964948654,false,0,hard_negative,symmetry,counterfactual_only,false,false
31,HNQ-V2_032,5,HNC-V2_032-P02,2,0,0.201503381133,false,0,hard_negative,palette_id,global_overlap,true,true
32,HNQ-V2_033,1,HNC-V2_033-P03,3,417,0.347088754177,false,0,hard_negative,motif,counterfactual_only,false,false
32,HNQ-V2_033,2,HNC-V2_033-P02,2,160,0.347010642290,true,1,positive,,not_applicable,true,false
32,HNQ-V2_033,3,HNC-V2_033-P05,5,419,0.339429080486,false,0,hard_negative,symmetry,counterfactual_only,false,false
32,HNQ-V2_033,4,HNC-V2_033-P04,4,418,0.336629867554,false,0,hard_negative,composition,counterfactual_only,false,false
32,HNQ-V2_033,5,HNC-V2_033-P01,1,165,0.175541609526,false,0,hard_negative,palette_id,global_overlap,true,true
33,HNQ-V2_034,1,HNC-V2_034-P01,1,420,0.354210197926,false,0,hard_negative,motif,counterfactual_only,false,false
33,HNQ-V2_034,2,HNC-V2_034-P04,4,165,0.350516974926,true,1,positive,,not_applicable,true,false
33,HNQ-V2_034,3,HNC-V2_034-P03,3,422,0.345844268799,false,0,hard_negative,symmetry,counterfactual_only,false,false
33,HNQ-V2_034,4,HNC-V2_034-P02,2,421,0.334475874901,false,0,hard_negative,orientation,counterfactual_only,false,false
33,HNQ-V2_034,5,HNC-V2_034-P05,5,25,0.204856753349,false,0,hard_negative,palette_id,global_overlap,true,true
34,HNQ-V2_035,1,HNC-V2_035-P01,1,170,0.351087719202,true,1,positive,,not_applicable,true,false
34,HNQ-V2_035,2,HNC-V2_035-P05,5,425,0.349134564400,false,0,hard_negative,motif,counterfactual_only,false,false
34,HNQ-V2_035,3,HNC-V2_035-P03,3,424,0.342516124249,false,0,hard_negative,composition,counterfactual_only,false,false
34,HNQ-V2_035,4,HNC-V2_035-P02,2,423,0.340810537338,false,0,hard_negative,orientation,counterfactual_only,false,false
34,HNQ-V2_035,5,HNC-V2_035-P04,4,175,0.168207913637,false,0,hard_negative,palette_id,global_overlap,true,true
35,HNQ-V2_036,1,HNC-V2_036-P02,2,427,0.358573108912,false,0,hard_negative,motif,counterfactual_only,false,false
35,HNQ-V2_036,2,HNC-V2_036-P04,4,175,0.351180762053,true,1,positive,,not_applicable,true,false
35,HNQ-V2_036,3,HNC-V2_036-P01,1,426,0.350924730301,false,0,hard_negative,symmetry,counterfactual_only,false,false
35,HNQ-V2_036,4,HNC-V2_036-P05,5,429,0.347691416740,false,0,hard_negative,composition,counterfactual_only,false,false
35,HNQ-V2_036,5,HNC-V2_036-P03,3,428,0.344345599413,false,0,hard_negative,orientation,counterfactual_only,false,false
36,HNQ-V2_037,1,HNC-V2_037-P01,1,180,0.320379942656,true,1,positive,,not_applicable,true,false
36,HNQ-V2_037,2,HNC-V2_037-P05,5,432,0.319488435984,false,0,hard_negative,symmetry,counterfactual_only,false,false
36,HNQ-V2_037,3,HNC-V2_037-P04,4,431,0.312735438347,false,0,hard_negative,composition,counterfactual_only,false,false
36,HNQ-V2_037,4,HNC-V2_037-P03,3,430,0.310286521912,false,0,hard_negative,orientation,counterfactual_only,false,false
36,HNQ-V2_037,5,HNC-V2_037-P02,2,185,0.172001674771,false,0,hard_negative,palette_id,global_overlap,true,true
37,HNQ-V2_038,1,HNC-V2_038-P03,3,185,0.315116167068,true,1,positive,,not_applicable,true,false
37,HNQ-V2_038,2,HNC-V2_038-P01,1,433,0.313176810741,false,0,hard_negative,motif,counterfactual_only,false,false
37,HNQ-V2_038,3,HNC-V2_038-P04,4,435,0.312853932381,false,0,hard_negative,symmetry,counterfactual_only,false,false
37,HNQ-V2_038,4,HNC-V2_038-P02,2,434,0.302188575268,false,0,hard_negative,composition,counterfactual_only,false,false
37,HNQ-V2_038,5,HNC-V2_038-P05,5,75,0.210282802582,false,0,hard_negative,palette_id,global_overlap,true,true
38,HNQ-V2_039,1,HNC-V2_039-P04,4,438,0.331112861633,false,0,hard_negative,motif,counterfactual_only,false,false
38,HNQ-V2_039,2,HNC-V2_039-P01,1,436,0.309934437275,false,0,hard_negative,orientation,counterfactual_only,false,false
38,HNQ-V2_039,3,HNC-V2_039-P05,5,190,0.307702660561,true,1,positive,,not_applicable,true,false
38,HNQ-V2_039,4,HNC-V2_039-P02,2,437,0.304082989693,false,0,hard_negative,symmetry,counterfactual_only,false,false
38,HNQ-V2_039,5,HNC-V2_039-P03,3,195,0.136700108647,false,0,hard_negative,palette_id,global_overlap,true,true
39,HNQ-V2_040,1,HNC-V2_040-P04,4,440,0.323462605476,false,0,hard_negative,motif,counterfactual_only,false,false
39,HNQ-V2_040,2,HNC-V2_040-P05,5,441,0.313370645046,false,0,hard_negative,orientation,counterfactual_only,false,false
39,HNQ-V2_040,3,HNC-V2_040-P02,2,195,0.310455918312,true,1,positive,,not_applicable,true,false
39,HNQ-V2_040,4,HNC-V2_040-P01,1,439,0.307788670063,false,0,hard_negative,composition,counterfactual_only,false,false
39,HNQ-V2_040,5,HNC-V2_040-P03,3,100,0.173677965999,false,0,hard_negative,palette_id,global_overlap,true,true
40,HNQ-V2_041,1,HNC-V2_041-P03,3,444,0.344187885523,false,0,hard_negative,composition,counterfactual_only,false,false
40,HNQ-V2_041,2,HNC-V2_041-P05,5,200,0.343252420425,true,1,positive,,not_applicable,true,false
40,HNQ-V2_041,3,HNC-V2_041-P01,1,442,0.330626547337,false,0,hard_negative,motif,counterfactual_only,false,false
40,HNQ-V2_041,4,HNC-V2_041-P04,4,445,0.313344061375,false,0,hard_negative,symmetry,counterfactual_only,false,false
40,HNQ-V2_041,5,HNC-V2_041-P02,2,443,0.302879542112,false,0,hard_negative,orientation,counterfactual_only,false,false
41,HNQ-V2_042,1,HNC-V2_042-P03,3,447,0.318665266037,false,0,hard_negative,composition,counterfactual_only,false,false
41,HNQ-V2_042,2,HNC-V2_042-P02,2,205,0.314505934715,true,1,positive,,not_applicable,true,false
41,HNQ-V2_042,3,HNC-V2_042-P04,4,448,0.282037794590,false,0,hard_negative,symmetry,counterfactual_only,false,false
41,HNQ-V2_042,4,HNC-V2_042-P01,1,446,0.274299561977,false,0,hard_negative,orientation,counterfactual_only,false,false
41,HNQ-V2_042,5,HNC-V2_042-P05,5,125,0.197340771556,false,0,hard_negative,palette_id,global_overlap,true,true
42,HNQ-V2_043,1,HNC-V2_043-P04,4,210,0.328270047903,true,1,positive,,not_applicable,true,false
42,HNQ-V2_043,2,HNC-V2_043-P05,5,451,0.324502885342,false,0,hard_negative,motif,counterfactual_only,false,false
42,HNQ-V2_043,3,HNC-V2_043-P01,1,449,0.321571886539,false,0,hard_negative,composition,counterfactual_only,false,false
42,HNQ-V2_043,4,HNC-V2_043-P02,2,450,0.319423913956,false,0,hard_negative,symmetry,counterfactual_only,false,false
42,HNQ-V2_043,5,HNC-V2_043-P03,3,215,0.258435100317,false,0,hard_negative,palette_id,global_overlap,true,true
43,HNQ-V2_044,1,HNC-V2_044-P01,1,215,0.308489412069,true,1,positive,,not_applicable,true,false
43,HNQ-V2_044,2,HNC-V2_044-P04,4,453,0.305811464787,false,0,hard_negative,motif,counterfactual_only,false,false
43,HNQ-V2_044,3,HNC-V2_044-P02,2,452,0.303500354290,false,0,hard_negative,symmetry,counterfactual_only,false,false
43,HNQ-V2_044,4,HNC-V2_044-P05,5,454,0.291976869106,false,0,hard_negative,orientation,counterfactual_only,false,false
43,HNQ-V2_044,5,HNC-V2_044-P03,3,220,0.265767097473,false,0,hard_negative,palette_id,global_overlap,true,true
44,HNQ-V2_045,1,HNC-V2_045-P03,3,220,0.293083339930,true,1,positive,,not_applicable,true,false
44,HNQ-V2_045,2,HNC-V2_045-P02,2,455,0.291527807713,false,0,hard_negative,motif,counterfactual_only,false,false
44,HNQ-V2_045,3,HNC-V2_045-P05,5,457,0.282298684120,false,0,hard_negative,composition,counterfactual_only,false,false
44,HNQ-V2_045,4,HNC-V2_045-P04,4,456,0.270572543144,false,0,hard_negative,orientation,counterfactual_only,false,false
44,HNQ-V2_045,5,HNC-V2_045-P01,1,225,0.207592815161,false,0,hard_negative,palette_id,global_overlap,true,true
45,HNQ-V2_046,1,HNC-V2_046-P01,1,225,0.287164688110,true,1,positive,,not_applicable,true,false
45,HNQ-V2_046,2,HNC-V2_046-P05,5,461,0.286639243364,false,0,hard_negative,motif,counterfactual_only,false,false
45,HNQ-V2_046,3,HNC-V2_046-P03,3,459,0.280593335629,false,0,hard_negative,composition,counterfactual_only,false,false
45,HNQ-V2_046,4,HNC-V2_046-P04,4,460,0.276513278484,false,0,hard_negative,symmetry,counterfactual_only,false,false
45,HNQ-V2_046,5,HNC-V2_046-P02,2,458,0.269974887371,false,0,hard_negative,orientation,counterfactual_only,false,false
46,HNQ-V2_047,1,HNC-V2_047-P03,3,230,0.303817003965,true,1,positive,,not_applicable,true,false
46,HNQ-V2_047,2,HNC-V2_047-P02,2,463,0.295951217413,false,0,hard_negative,symmetry,counterfactual_only,false,false
46,HNQ-V2_047,3,HNC-V2_047-P01,1,462,0.284148603678,false,0,hard_negative,composition,counterfactual_only,false,false
46,HNQ-V2_047,4,HNC-V2_047-P05,5,464,0.281545519829,false,0,hard_negative,orientation,counterfactual_only,false,false
46,HNQ-V2_047,5,HNC-V2_047-P04,4,260,0.201798558235,false,0,hard_negative,palette_id,global_overlap,true,true
47,HNQ-V2_048,1,HNC-V2_048-P05,5,235,0.329175859690,true,1,positive,,not_applicable,true,false
47,HNQ-V2_048,2,HNC-V2_048-P03,3,466,0.321068882942,false,0,hard_negative,motif,counterfactual_only,false,false
47,HNQ-V2_048,3,HNC-V2_048-P01,1,465,0.319339156151,false,0,hard_negative,symmetry,counterfactual_only,false,false
47,HNQ-V2_048,4,HNC-V2_048-P04,4,467,0.316514194012,false,0,hard_negative,composition,counterfactual_only,false,false
47,HNQ-V2_048,5,HNC-V2_048-P02,2,240,0.302003353834,false,0,hard_negative,palette_id,global_overlap,true,true
48,HNQ-V2_049,1,HNC-V2_049-P02,2,240,0.354372024536,true,1,positive,,not_applicable,true,false
48,HNQ-V2_049,2,HNC-V2_049-P03,3,468,0.353109121323,false,0,hard_negative,motif,counterfactual_only,false,false
48,HNQ-V2_049,3,HNC-V2_049-P04,4,469,0.350956559181,false,0,hard_negative,orientation,counterfactual_only,false,false
48,HNQ-V2_049,4,HNC-V2_049-P05,5,470,0.348560571671,false,0,hard_negative,symmetry,counterfactual_only,false,false
48,HNQ-V2_049,5,HNC-V2_049-P01,1,245,0.288253128529,false,0,hard_negative,palette_id,global_overlap,true,true
49,HNQ-V2_050,1,HNC-V2_050-P04,4,245,0.300956934690,true,1,positive,,not_applicable,true,false
49,HNQ-V2_050,2,HNC-V2_050-P01,1,471,0.290434181690,false,0,hard_negative,motif,counterfactual_only,false,false
49,HNQ-V2_050,3,HNC-V2_050-P03,3,473,0.288850516081,false,0,hard_negative,composition,counterfactual_only,false,false
49,HNQ-V2_050,4,HNC-V2_050-P02,2,472,0.288287848234,false,0,hard_negative,orientation,counterfactual_only,false,false
49,HNQ-V2_050,5,HNC-V2_050-P05,5,250,0.229138255119,false,0,hard_negative,palette_id,global_overlap,true,true
50,HNQ-V2_051,1,HNC-V2_051-P02,2,250,0.307164281607,true,1,positive,,not_applicable,true,false
50,HNQ-V2_051,2,HNC-V2_051-P05,5,477,0.299998700619,false,0,hard_negative,orientation,counterfactual_only,false,false
50,HNQ-V2_051,3,HNC-V2_051-P01,1,474,0.295012921095,false,0,hard_negative,composition,counterfactual_only,false,false
50,HNQ-V2_051,4,HNC-V2_051-P03,3,475,0.294180721045,false,0,hard_negative,symmetry,counterfactual_only,false,false
50,HNQ-V2_051,5,HNC-V2_051-P04,4,476,0.291167199612,false,0,hard_negative,motif,counterfactual_only,false,false
51,HNQ-V2_052,1,HNC-V2_052-P04,4,255,0.333897471428,true,1,positive,,not_applicable,true,false
51,HNQ-V2_052,2,HNC-V2_052-P03,3,479,0.326926171780,false,0,hard_negative,orientation,counterfactual_only,false,false
51,HNQ-V2_052,3,HNC-V2_052-P05,5,480,0.324330091476,false,0,hard_negative,composition,counterfactual_only,false,false
51,HNQ-V2_052,4,HNC-V2_052-P01,1,478,0.322245121002,false,0,hard_negative,symmetry,counterfactual_only,false,false
51,HNQ-V2_052,5,HNC-V2_052-P02,2,270,0.261284410954,false,0,hard_negative,palette_id,global_overlap,true,true
52,HNQ-V2_053,1,HNC-V2_053-P01,1,260,0.338127553463,true,1,positive,,not_applicable,true,false
52,HNQ-V2_053,2,HNC-V2_053-P03,3,481,0.338045537472,false,0,hard_negative,motif,counterfactual_only,false,false
52,HNQ-V2_053,3,HNC-V2_053-P04,4,482,0.331607758999,false,0,hard_negative,composition,counterfactual_only,false,false
52,HNQ-V2_053,4,HNC-V2_053-P05,5,483,0.328549325466,false,0,hard_negative,symmetry,counterfactual_only,false,false
52,HNQ-V2_053,5,HNC-V2_053-P02,2,265,0.152329608798,false,0,hard_negative,palette_id,global_overlap,true,true
53,HNQ-V2_054,1,HNC-V2_054-P03,3,265,0.314999639988,true,1,positive,,not_applicable,true,false
53,HNQ-V2_054,2,HNC-V2_054-P01,1,484,0.314975172281,false,0,hard_negative,motif,counterfactual_only,false,false
53,HNQ-V2_054,3,HNC-V2_054-P04,4,486,0.309179127216,false,0,hard_negative,symmetry,counterfactual_only,false,false
53,HNQ-V2_054,4,HNC-V2_054-P02,2,485,0.296298682690,false,0,hard_negative,orientation,counterfactual_only,false,false
53,HNQ-V2_054,5,HNC-V2_054-P05,5,210,0.189196407795,false,0,hard_negative,palette_id,global_overlap,true,true
54,HNQ-V2_055,1,HNC-V2_055-P05,5,270,0.349800050259,true,1,positive,,not_applicable,true,false
54,HNQ-V2_055,2,HNC-V2_055-P01,1,487,0.342430830002,false,0,hard_negative,orientation,counterfactual_only,false,false
54,HNQ-V2_055,3,HNC-V2_055-P04,4,489,0.338778764009,false,0,hard_negative,motif,counterfactual_only,false,false
54,HNQ-V2_055,4,HNC-V2_055-P02,2,488,0.334655702114,false,0,hard_negative,composition,counterfactual_only,false,false
54,HNQ-V2_055,5,HNC-V2_055-P03,3,275,0.187769308686,false,0,hard_negative,palette_id,global_overlap,true,true
55,HNQ-V2_056,1,HNC-V2_056-P03,3,275,0.348027378321,true,1,positive,,not_applicable,true,false
55,HNQ-V2_056,2,HNC-V2_056-P02,2,491,0.340647161007,false,0,hard_negative,motif,counterfactual_only,false,false
55,HNQ-V2_056,3,HNC-V2_056-P04,4,492,0.340057253838,false,0,hard_negative,orientation,counterfactual_only,false,false
55,HNQ-V2_056,4,HNC-V2_056-P05,5,493,0.338047862053,false,0,hard_negative,composition,counterfactual_only,false,false
55,HNQ-V2_056,5,HNC-V2_056-P01,1,490,0.336643636227,false,0,hard_negative,symmetry,counterfactual_only,false,false
