query_index,caption_id,image_id,semantic_id,split,pattern_id,palette_id,motif,orientation,composition,symmetry,ambiguity_level,template_id,is_canonical,text_row_index,relevant_image_row_index,relevant_rank,top1_image_id,top1_score,relevant_score,positive_margin,recall_at_1,recall_at_5,mrr,ndcg_at_10
0,CAP-V2_001-TPL_01,V2_001,SEM-726372BFFF43534D,id,bands_horizontal,rojo_negro_crema,bandas geométricas,horizontal,bandas,repetitiva,bajo,TPL_01,true,0,0,3,V2_011,0.351894617081,0.337622284889,-0.014272332191,0.000000000000,1.000000000000,0.333333333333,0.500000000000
1,CAP-V2_001-TPL_02,V2_001,SEM-726372BFFF43534D,id,bands_horizontal,rojo_negro_crema,bandas geométricas,horizontal,bandas,repetitiva,bajo,TPL_02,false,1,0,3,V2_011,0.332195222378,0.310213267803,-0.021981954575,0.000000000000,1.000000000000,0.333333333333,0.500000000000
2,CAP-V2_001-TPL_03,V2_001,SEM-726372BFFF43534D,id,bands_horizontal,rojo_negro_crema,bandas geométricas,horizontal,bandas,repetitiva,bajo,TPL_03,false,2,0,3,V2_026,0.330970823765,0.309555828571,-0.021414995193,0.000000000000,1.000000000000,0.333333333333,0.500000000000
3,CAP-V2_001-TPL_04,V2_001,SEM-726372BFFF43534D,id,bands_horizontal,rojo_negro_crema,bandas geométricas,horizontal,bandas,repetitiva,bajo,TPL_04,false,3,0,2,V2_011,0.316889196634,0.306454926729,-0.010434269905,0.000000000000,1.000000000000,0.500000000000,0.630929753571
4,CAP-V2_001-TPL_05,V2_001,SEM-726372BFFF43534D,id,bands_horizontal,rojo_negro_crema,bandas geométricas,horizontal,bandas,repetitiva,bajo,TPL_05,false,4,0,1,V2_001,0.340648949146,0.340648949146,0.006746411324,1.000000000000,1.000000000000,1.000000000000,1.000000000000
5,CAP-V2_002-TPL_01,V2_002,SEM-5B84448A62787787,id,bands_horizontal,azul_crema_marron,bandas geométricas,horizontal,bandas,repetitiva,bajo,TPL_01,true,5,1,1,V2_002,0.365009844303,0.365009844303,0.002913296223,1.000000000000,1.000000000000,1.000000000000,1.000000000000
6,CAP-V2_002-TPL_02,V2_002,SEM-5B84448A62787787,id,bands_horizontal,azul_crema_marron,bandas geométricas,horizontal,bandas,repetitiva,bajo,TPL_02,false,6,1,2,V2_027,0.353697896004,0.342582523823,-0.011115372181,0.000000000000,1.000000000000,0.500000000000,0.630929753571
7,CAP-V2_002-TPL_03,V2_002,SEM-5B84448A62787787,id,bands_horizontal,azul_crema_marron,bandas geométricas,horizontal,bandas,repetitiva,bajo,TPL_03,false,7,1,3,V2_027,0.357337445021,0.337379783392,-0.019957661629,0.000000000000,1.000000000000,0.333333333333,0.500000000000
8,CAP-V2_002-TPL_04,V2_002,SEM-5B84448A62787787,id,bands_horizontal,azul_crema_marron,bandas geométricas,horizontal,bandas,repetitiva,bajo,TPL_04,false,8,1,1,V2_002,0.321057319641,0.321057319641,0.001427233219,1.000000000000,1.000000000000,1.000000000000,1.000000000000
9,CAP-V2_002-TPL_05,V2_002,SEM-5B84448A62787787,id,bands_horizontal,azul_crema_marron,bandas geométricas,horizontal,bandas,repetitiva,bajo,TPL_05,false,9,1,1,V2_002,0.359454244375,0.359454244375,0.015107482672,1.000000000000,1.000000000000,1.000000000000,1.000000000000
10,CAP-V2_003-TPL_01,V2_003,SEM-7418F4CCBDB8F621,id,bands_horizontal,ocre_marron_negro,bandas geométricas,horizontal,bandas,repetitiva,bajo,TPL_01,true,10,2,2,V2_008,0.348789632320,0.335728734732,-0.013060897589,0.000000000000,1.000000000000,0.500000000000,0.630929753571
11,CAP-V2_003-TPL_02,V2_003,SEM-7418F4CCBDB8F621,id,bands_horizontal,ocre_marron_negro,bandas geométricas,horizontal,bandas,repetitiva,bajo,TPL_02,false,11,2,2,V2_028,0.325777053833,0.314760744572,-0.011016309261,0.000000000000,1.000000000000,0.500000000000,0.630929753571
12,CAP-V2_003-TPL_03,V2_003,SEM-7418F4CCBDB8F621,id,bands_horizontal,ocre_marron_negro,bandas geométricas,horizontal,bandas,repetitiva,bajo,TPL_03,false,12,2,3,V2_028,0.326543450356,0.322335422039,-0.004208028316,0.000000000000,1.000000000000,0.333333333333,0.500000000000
13,CAP-V2_003-TPL_04,V2_003,SEM-7418F4CCBDB8F621,id,bands_horizontal,ocre_marron_negro,bandas geométricas,horizontal,bandas,repetitiva,bajo,TPL_04,false,13,2,1,V2_003,0.325080335140,0.325080335140,0.018952369690,1.000000000000,1.000000000000,1.000000000000,1.000000000000
14,CAP-V2_003-TPL_05,V2_003,SEM-7418F4CCBDB8F621,id,bands_horizontal,ocre_marron_negro,bandas geométricas,horizontal,bandas,repetitiva,bajo,TPL_05,false,14,2,1,V2_003,0.335055470467,0.335055470467,0.006145477295,1.000000000000,1.000000000000,1.000000000000,1.000000000000
15,CAP-V2_004-TPL_01,V2_004,SEM-7CE10D3F8F559237,id,bands_horizontal,blanco_negro_gris,bandas geométricas,horizontal,bandas,repetitiva,bajo,TPL_01,true,15,3,3,V2_014,0.322224646807,0.313583195210,-0.008641451597,0.000000000000,1.000000000000,0.333333333333,0.500000000000
16,CAP-V2_004-TPL_02,V2_004,SEM-7CE10D3F8F559237,id,bands_horizontal,blanco_negro_gris,bandas geométricas,horizontal,bandas,repetitiva,bajo,TPL_02,false,16,3,4,V2_024,0.307851105928,0.288740336895,-0.019110769033,0.000000000000,1.000000000000,0.250000000000,0.430676558073
17,CAP-V2_004-TPL_03,V2_004,SEM-7CE10D3F8F559237,id,bands_horizontal,blanco_negro_gris,bandas geométricas,horizontal,bandas,repetitiva,bajo,TPL_03,false,17,3,4,V2_029,0.304731160402,0.280424654484,-0.024306505919,0.000000000000,1.000000000000,0.250000000000,0.430676558073
18,CAP-V2_004-TPL_04,V2_004,SEM-7CE10D3F8F559237,id,bands_horizontal,blanco_negro_gris,bandas geométricas,horizontal,bandas,repetitiva,bajo,TPL_04,false,18,3,1,V2_004,0.279100894928,0.279100894928,0.000325560570,1.000000000000,1.000000000000,1.000000000000,1.000000000000
19,CAP-V2_004-TPL_05,V2_004,SEM-7CE10D3F8F559237,id,bands_horizontal,blanco_negro_gris,bandas geométricas,horizontal,bandas,repetitiva,bajo,TPL_05,false,19,3,1,V2_004,0.320192247629,0.320192247629,0.017236143351,1.000000000000,1.000000000000,1.000000000000,1.000000000000
20,CAP-V2_005-TPL_01,V2_005,SEM-CA5D6EBFCD7B84E3,id,bands_horizontal,multicolor_tierra,bandas geométricas,horizontal,bandas,repetitiva,bajo,TPL_01,true,20,4,2,V2_015,0.360274165869,0.353165864944,-0.007108300924,0.000000000000,1.000000000000,0.500000000000,0.630929753571
21,CAP-V2_005-TPL_02,V2_005,SEM-CA5D6EBFCD7B84E3,id,bands_horizontal,multicolor_tierra,bandas geométricas,horizontal,bandas,repetitiva,bajo,TPL_02,false,21,4,4,V2_030,0.344659775496,0.292437195778,-0.052222579718,0.000000000000,1.000000000000,0.250000000000,0.430676558073
22,CAP-V2_005-TPL_03,V2_005,SEM-CA5D6EBFCD7B84E3,id,bands_horizontal,multicolor_tierra,bandas geométricas,horizontal,bandas,repetitiva,bajo,TPL_03,false,22,4,3,V2_030,0.358123064041,0.302583724260,-0.055539339781,0.000000000000,1.000000000000,0.333333333333,0.500000000000
23,CAP-V2_005-TPL_04,V2_005,SEM-CA5D6EBFCD7B84E3,id,bands_horizontal,multicolor_tierra,bandas geométricas,horizontal,bandas,repetitiva,bajo,TPL_04,false,23,4,3,V2_015,0.335982561111,0.315432250500,-0.020550310612,0.000000000000,1.000000000000,0.333333333333,0.500000000000
24,CAP-V2_005-TPL_05,V2_005,SEM-CA5D6EBFCD7B84E3,id,bands_horizontal,multicolor_tierra,bandas geométricas,horizontal,bandas,repetitiva,bajo,TPL_05,false,24,4,3,V2_030,0.349335074425,0.343601375818,-0.005733698606,0.000000000000,1.000000000000,0.333333333333,0.500000000000
25,CAP-V2_006-TPL_01,V2_006,SEM-4699702E8A447735,id,bands_vertical,rojo_negro_crema,bandas geométricas,vertical,bandas,repetitiva,bajo,TPL_01,true,25,5,2,V2_011,0.354999423027,0.351220697165,-0.003778725863,0.000000000000,1.000000000000,0.500000000000,0.630929753571
26,CAP-V2_006-TPL_02,V2_006,SEM-4699702E8A447735,id,bands_vertical,rojo_negro_crema,bandas geométricas,vertical,bandas,repetitiva,bajo,TPL_02,false,26,5,3,V2_011,0.339359700680,0.313307762146,-0.026051938534,0.000000000000,1.000000000000,0.333333333333,0.500000000000
27,CAP-V2_006-TPL_03,V2_006,SEM-4699702E8A447735,id,bands_vertical,rojo_negro_crema,bandas geométricas,vertical,bandas,repetitiva,bajo,TPL_03,false,27,5,3,V2_011,0.339565336704,0.322546571493,-0.017018765211,0.000000000000,1.000000000000,0.333333333333,0.500000000000
28,CAP-V2_006-TPL_04,V2_006,SEM-4699702E8A447735,id,bands_vertical,rojo_negro_crema,bandas geométricas,vertical,bandas,repetitiva,bajo,TPL_04,false,28,5,3,V2_011,0.326120495796,0.311577767134,-0.014542728662,0.000000000000,1.000000000000,0.333333333333,0.500000000000
29,CAP-V2_006-TPL_05,V2_006,SEM-4699702E8A447735,id,bands_vertical,rojo_negro_crema,bandas geométricas,vertical,bandas,repetitiva,bajo,TPL_05,false,29,5,1,V2_006,0.348100930452,0.348100930452,0.005504906178,1.000000000000,1.000000000000,1.000000000000,1.000000000000
30,CAP-V2_007-TPL_01,V2_007,SEM-657EAE79EA891854,id,bands_vertical,azul_crema_marron,bandas geométricas,vertical,bandas,repetitiva,bajo,TPL_01,true,30,6,3,V2_012,0.366772711277,0.357411265373,-0.009361445904,0.000000000000,1.000000000000,0.333333333333,0.500000000000
31,CAP-V2_007-TPL_02,V2_007,SEM-657EAE79EA891854,id,bands_vertical,azul_crema_marron,bandas geométricas,vertical,bandas,repetitiva,bajo,TPL_02,false,31,6,4,V2_012,0.356869041920,0.328755319118,-0.028113722801,0.000000000000,1.000000000000,0.250000000000,0.430676558073
32,CAP-V2_007-TPL_03,V2_007,SEM-657EAE79EA891854,id,bands_vertical,azul_crema_marron,bandas geométricas,vertical,bandas,repetitiva,bajo,TPL_03,false,32,6,4,V2_012,0.370864003897,0.324479877949,-0.046384125948,0.000000000000,1.000000000000,0.250000000000,0.430676558073
33,CAP-V2_007-TPL_04,V2_007,SEM-657EAE79EA891854,id,bands_vertical,azul_crema_marron,bandas geométricas,vertical,bandas,repetitiva,bajo,TPL_04,false,33,6,5,V2_012,0.329205930233,0.295247137547,-0.033958792686,0.000000000000,1.000000000000,0.200000000000,0.386852807235
34,CAP-V2_007-TPL_05,V2_007,SEM-657EAE79EA891854,id,bands_vertical,azul_crema_marron,bandas geométricas,vertical,bandas,repetitiva,bajo,TPL_05,false,34,6,3,V2_002,0.361467331648,0.349831968546,-0.011635363102,0.000000000000,1.000000000000,0.333333333333,0.500000000000
35,CAP-V2_008-TPL_01,V2_008,SEM-F49183E2AB7334C9,id,bands_vertical,ocre_marron_negro,bandas geométricas,vertical,bandas,repetitiva,bajo,TPL_01,true,35,7,1,V2_008,0.356800109148,0.356800109148,0.019015818834,1.000000000000,1.000000000000,1.000000000000,1.000000000000
36,CAP-V2_008-TPL_02,V2_008,SEM-F49183E2AB7334C9,id,bands_vertical,ocre_marron_negro,bandas geométricas,vertical,bandas,repetitiva,bajo,TPL_02,false,36,7,2,V2_028,0.323046892881,0.318872779608,-0.004174113274,0.000000000000,1.000000000000,0.500000000000,0.630929753571
37,CAP-V2_008-TPL_03,V2_008,SEM-F49183E2AB7334C9,id,bands_vertical,ocre_marron_negro,bandas geométricas,vertical,bandas,repetitiva,bajo,TPL_03,false,37,7,1,V2_008,0.338255554438,0.338255554438,0.005085259676,1.000000000000,1.000000000000,1.000000000000,1.000000000000
38,CAP-V2_008-TPL_04,V2_008,SEM-F49183E2AB7334C9,id,bands_vertical,ocre_marron_negro,bandas geométricas,vertical,bandas,repetitiva,bajo,TPL_04,false,38,7,2,V2_003,0.332148998976,0.320120722055,-0.012028276920,0.000000000000,1.000000000000,0.500000000000,0.630929753571
39,CAP-V2_008-TPL_05,V2_008,SEM-F49183E2AB7334C9,id,bands_vertical,ocre_marron_negro,bandas geométricas,vertical,bandas,repetitiva,bajo,TPL_05,false,39,7,1,V2_008,0.343335449696,0.343335449696,0.003791540861,1.000000000000,1.000000000000,1.000000000000,1.000000000000
40,CAP-V2_009-TPL_01,V2_009,SEM-0EFA93DD8D5CE9AD,id,bands_vertical,blanco_negro_gris,bandas geométricas,vertical,bandas,repetitiva,bajo,TPL_01,true,40,8,2,V2_014,0.327716082335,0.327648013830,-0.000068068504,0.000000000000,1.000000000000,0.500000000000,0.630929753571
41,CAP-V2_009-TPL_02,V2_009,SEM-0EFA93DD8D5CE9AD,id,bands_vertical,blanco_negro_gris,bandas geométricas,vertical,bandas,repetitiva,bajo,TPL_02,false,41,8,4,V2_024,0.309053540230,0.301213562489,-0.007839977741,0.000000000000,1.000000000000,0.250000000000,0.430676558073
42,CAP-V2_009-TPL_03,V2_009,SEM-0EFA93DD8D5CE9AD,id,bands_vertical,blanco_negro_gris,bandas geométricas,vertical,bandas,repetitiva,bajo,TPL_03,false,42,8,5,V2_029,0.320004642010,0.288650065660,-0.031354576349,0.000000000000,1.000000000000,0.200000000000,0.386852807235
43,CAP-V2_009-TPL_04,V2_009,SEM-0EFA93DD8D5CE9AD,id,bands_vertical,blanco_negro_gris,bandas geométricas,vertical,bandas,repetitiva,bajo,TPL_04,false,43,8,5,V2_014,0.290868729353,0.275208592415,-0.015660136938,0.000000000000,1.000000000000,0.200000000000,0.386852807235
44,CAP-V2_009-TPL_05,V2_009,SEM-0EFA93DD8D5CE9AD,id,bands_vertical,blanco_negro_gris,bandas geométricas,vertical,bandas,repetitiva,bajo,TPL_05,false,44,8,2,V2_004,0.323832631111,0.314419895411,-0.009412735701,0.000000000000,1.000000000000,0.500000000000,0.630929753571
45,CAP-V2_010-TPL_01,V2_010,SEM-7E4D8819AF0D376B,id,bands_vertical,multicolor_tierra,bandas geométricas,vertical,bandas,repetitiva,bajo,TPL_01,true,45,9,2,V2_015,0.364808261395,0.356067419052,-0.008740842342,0.000000000000,1.000000000000,0.500000000000,0.630929753571
46,CAP-V2_010-TPL_02,V2_010,SEM-7E4D8819AF0D376B,id,bands_vertical,multicolor_tierra,bandas geométricas,vertical,bandas,repetitiva,bajo,TPL_02,false,46,9,3,V2_030,0.348973959684,0.297754168510,-0.051219791174,0.000000000000,1.000000000000,0.333333333333,0.500000000000
47,CAP-V2_010-TPL_03,V2_010,SEM-7E4D8819AF0D376B,id,bands_vertical,multicolor_tierra,bandas geométricas,vertical,bandas,repetitiva,bajo,TPL_03,false,47,9,3,V2_030,0.367539405823,0.320458412170,-0.047080993652,0.000000000000,1.000000000000,0.333333333333,0.500000000000
48,CAP-V2_010-TPL_04,V2_010,SEM-7E4D8819AF0D376B,id,bands_vertical,multicolor_tierra,bandas geométricas,vertical,bandas,repetitiva,bajo,TPL_04,false,48,9,4,V2_015,0.344141662121,0.310400247574,-0.033741414547,0.000000000000,1.000000000000,0.250000000000,0.430676558073
49,CAP-V2_010-TPL_05,V2_010,SEM-7E4D8819AF0D376B,id,bands_vertical,multicolor_tierra,bandas geométricas,vertical,bandas,repetitiva,bajo,TPL_05,false,49,9,3,V2_015,0.360471218824,0.349414736032,-0.011056482792,0.000000000000,1.000000000000,0.333333333333,0.500000000000
50,CAP-V2_011-TPL_01,V2_011,SEM-E6BF74678BDAC828,id,diamonds_central,rojo_negro_crema,rombos,diagonal,central,bilateral,medio,TPL_01,true,50,10,1,V2_011,0.350548684597,0.350548684597,0.026128351688,1.000000000000,1.000000000000,1.000000000000,1.000000000000
51,CAP-V2_011-TPL_02,V2_011,SEM-E6BF74678BDAC828,id,diamonds_central,rojo_negro_crema,rombos,diagonal,central,bilateral,medio,TPL_02,false,51,10,1,V2_011,0.337546885014,0.337546885014,0.033066362143,1.000000000000,1.000000000000,1.000000000000,1.000000000000
52,CAP-V2_011-TPL_03,V2_011,SEM-E6BF74678BDAC828,id,diamonds_central,rojo_negro_crema,rombos,diagonal,central,bilateral,medio,TPL_03,false,52,10,1,V2_011,0.354579061270,0.354579061270,0.031059652567,1.000000000000,1.000000000000,1.000000000000,1.000000000000
53,CAP-V2_011-TPL_04,V2_011,SEM-E6BF74678BDAC828,id,diamonds_central,rojo_negro_crema,rombos,diagonal,central,bilateral,medio,TPL_04,false,53,10,1,V2_011,0.325653254986,0.325653254986,0.043064236641,1.000000000000,1.000000000000,1.000000000000,1.000000000000
54,CAP-V2_011-TPL_05,V2_011,SEM-E6BF74678BDAC828,id,diamonds_central,rojo_negro_crema,rombos,diagonal,central,bilateral,medio,TPL_05,false,54,10,1,V2_011,0.349715888500,0.349715888500,0.010214865208,1.000000000000,1.000000000000,1.000000000000,1.000000000000
55,CAP-V2_012-TPL_01,V2_012,SEM-F5F0E5F56F3B9CDD,id,diamonds_central,azul_crema_marron,rombos,diagonal,central,bilateral,medio,TPL_01,true,55,11,1,V2_012,0.356498926878,0.356498926878,0.016168564558,1.000000000000,1.000000000000,1.000000000000,1.000000000000
56,CAP-V2_012-TPL_02,V2_012,SEM-F5F0E5F56F3B9CDD,id,diamonds_central,azul_crema_marron,rombos,diagonal,central,bilateral,medio,TPL_02,false,56,11,1,V2_012,0.345361232758,0.345361232758,0.002610266209,1.000000000000,1.000000000000,1.000000000000,1.000000000000
57,CAP-V2_012-TPL_03,V2_012,SEM-F5F0E5F56F3B9CDD,id,diamonds_central,azul_crema_marron,rombos,diagonal,central,bilateral,medio,TPL_03,false,57,11,1,V2_012,0.369493544102,0.369493544102,0.018173336983,1.000000000000,1.000000000000,1.000000000000,1.000000000000
58,CAP-V2_012-TPL_04,V2_012,SEM-F5F0E5F56F3B9CDD,id,diamonds_central,azul_crema_marron,rombos,diagonal,central,bilateral,medio,TPL_04,false,58,11,1,V2_012,0.327219247818,0.327219247818,0.031091898680,1.000000000000,1.000000000000,1.000000000000,1.000000000000
59,CAP-V2_012-TPL_05,V2_012,SEM-F5F0E5F56F3B9CDD,id,diamonds_central,azul_crema_marron,rombos,diagonal,central,bilateral,medio,TPL_05,false,59,11,1,V2_012,0.360399603844,0.360399603844,0.002860099077,1.000000000000,1.000000000000,1.000000000000,1.000000000000
60,CAP-V2_013-TPL_01,V2_013,SEM-6C847486A44390D1,id,diamonds_central,ocre_marron_negro,rombos,diagonal,central,bilateral,medio,TPL_01,true,60,12,2,V2_008,0.325291275978,0.324513047934,-0.000778228045,0.000000000000,1.000000000000,0.500000000000,0.630929753571
61,CAP-V2_013-TPL_02,V2_013,SEM-6C847486A44390D1,id,diamonds_central,ocre_marron_negro,rombos,diagonal,central,bilateral,medio,TPL_02,false,61,12,1,V2_013,0.321474015713,0.321474015713,0.005154252052,1.000000000000,1.000000000000,1.000000000000,1.000000000000
62,CAP-V2_013-TPL_03,V2_013,SEM-6C847486A44390D1,id,diamonds_central,ocre_marron_negro,rombos,diagonal,central,bilateral,medio,TPL_03,false,62,12,1,V2_013,0.344559222460,0.344559222460,0.011521250010,1.000000000000,1.000000000000,1.000000000000,1.000000000000
63,CAP-V2_013-TPL_04,V2_013,SEM-6C847486A44390D1,id,diamonds_central,ocre_marron_negro,rombos,diagonal,central,bilateral,medio,TPL_04,false,63,12,2,V2_011,0.315133661032,0.313130676746,-0.002002984285,0.000000000000,1.000000000000,0.500000000000,0.630929753571
64,CAP-V2_013-TPL_05,V2_013,SEM-6C847486A44390D1,id,diamonds_central,ocre_marron_negro,rombos,diagonal,central,bilateral,medio,TPL_05,false,64,12,3,V2_008,0.332093536854,0.316250234842,-0.015843302011,0.000000000000,1.000000000000,0.333333333333,0.500000000000
65,CAP-V2_014-TPL_01,V2_014,SEM-B0502F5A4E58AF67,id,diamonds_central,blanco_negro_gris,rombos,diagonal,central,bilateral,medio,TPL_01,true,65,13,1,V2_014,0.332291722298,0.332291722298,0.034036993980,1.000000000000,1.000000000000,1.000000000000,1.000000000000
66,CAP-V2_014-TPL_02,V2_014,SEM-B0502F5A4E58AF67,id,diamonds_central,blanco_negro_gris,rombos,diagonal,central,bilateral,medio,TPL_02,false,66,13,1,V2_014,0.311638295650,0.311638295650,0.007756561041,1.000000000000,1.000000000000,1.000000000000,1.000000000000
67,CAP-V2_014-TPL_03,V2_014,SEM-B0502F5A4E58AF67,id,diamonds_central,blanco_negro_gris,rombos,diagonal,central,bilateral,medio,TPL_03,false,67,13,1,V2_014,0.326441347599,0.326441347599,0.004632830620,1.000000000000,1.000000000000,1.000000000000,1.000000000000
68,CAP-V2_014-TPL_04,V2_014,SEM-B0502F5A4E58AF67,id,diamonds_central,blanco_negro_gris,rombos,diagonal,central,bilateral,medio,TPL_04,false,68,13,1,V2_014,0.299041241407,0.299041241407,0.002745360136,1.000000000000,1.000000000000,1.000000000000,1.000000000000
69,CAP-V2_014-TPL_05,V2_014,SEM-B0502F5A4E58AF67,id,diamonds_central,blanco_negro_gris,rombos,diagonal,central,bilateral,medio,TPL_05,false,69,13,1,V2_014,0.323854058981,0.323854058981,0.001582920551,1.000000000000,1.000000000000,1.000000000000,1.000000000000
70,CAP-V2_015-TPL_01,V2_015,SEM-48FFBCDFBB1178FE,id,diamonds_central,multicolor_tierra,rombos,diagonal,central,bilateral,medio,TPL_01,true,70,14,1,V2_015,0.372624814510,0.372624814510,0.034481525421,1.000000000000,1.000000000000,1.000000000000,1.000000000000
71,CAP-V2_015-TPL_02,V2_015,SEM-48FFBCDFBB1178FE,id,diamonds_central,multicolor_tierra,rombos,diagonal,central,bilateral,medio,TPL_02,false,71,14,2,V2_030,0.343795388937,0.331156015396,-0.012639373541,0.000000000000,1.000000000000,0.500000000000,0.630929753571
72,CAP-V2_015-TPL_03,V2_015,SEM-48FFBCDFBB1178FE,id,diamonds_central,multicolor_tierra,rombos,diagonal,central,bilateral,medio,TPL_03,false,72,14,1,V2_015,0.370235264301,0.370235264301,0.012270838022,1.000000000000,1.000000000000,1.000000000000,1.000000000000
73,CAP-V2_015-TPL_04,V2_015,SEM-48FFBCDFBB1178FE,id,diamonds_central,multicolor_tierra,rombos,diagonal,central,bilateral,medio,TPL_04,false,73,14,1,V2_015,0.352536410093,0.352536410093,0.044704020023,1.000000000000,1.000000000000,1.000000000000,1.000000000000
74,CAP-V2_015-TPL_05,V2_015,SEM-48FFBCDFBB1178FE,id,diamonds_central,multicolor_tierra,rombos,diagonal,central,bilateral,medio,TPL_05,false,74,14,1,V2_015,0.367949128151,0.367949128151,0.022467494011,1.000000000000,1.000000000000,1.000000000000,1.000000000000
75,CAP-V2_016-TPL_01,V2_016,SEM-1F7D0D80E51AE939,id,grecas_modular,rojo_negro_crema,grecas escalonadas,horizontal,modular,repetitiva,medio,TPL_01,true,75,15,4,V2_021,0.335978716612,0.324525922537,-0.011452794075,0.000000000000,1.000000000000,0.250000000000,0.430676558073
76,CAP-V2_016-TPL_02,V2_016,SEM-1F7D0D80E51AE939,id,grecas_modular,rojo_negro_crema,grecas escalonadas,horizontal,modular,repetitiva,medio,TPL_02,false,76,15,5,V2_026,0.311348915100,0.277773886919,-0.033575028181,0.000000000000,1.000000000000,0.200000000000,0.386852807235
77,CAP-V2_016-TPL_03,V2_016,SEM-1F7D0D80E51AE939,id,grecas_modular,rojo_negro_crema,grecas escalonadas,horizontal,modular,repetitiva,medio,TPL_03,false,77,15,2,V2_026,0.315488606691,0.288694918156,-0.026793688536,0.000000000000,1.000000000000,0.500000000000,0.630929753571
78,CAP-V2_016-TPL_04,V2_016,SEM-1F7D0D80E51AE939,id,grecas_modular,rojo_negro_crema,grecas escalonadas,horizontal,modular,repetitiva,medio,TPL_04,false,78,15,4,V2_021,0.300701200962,0.284233063459,-0.016468137503,0.000000000000,1.000000000000,0.250000000000,0.430676558073
79,CAP-V2_016-TPL_05,V2_016,SEM-1F7D0D80E51AE939,id,grecas_modular,rojo_negro_crema,grecas escalonadas,horizontal,modular,repetitiva,medio,TPL_05,false,79,15,3,V2_001,0.346705853939,0.331294685602,-0.015411168337,0.000000000000,1.000000000000,0.333333333333,0.500000000000
80,CAP-V2_017-TPL_01,V2_017,SEM-B4047E6372E8425A,id,grecas_modular,azul_crema_marron,grecas escalonadas,horizontal,modular,repetitiva,medio,TPL_01,true,80,16,7,V2_002,0.336778998375,0.290414303541,-0.046364694834,0.000000000000,0.000000000000,0.142857142857,0.333333333333
81,CAP-V2_017-TPL_02,V2_017,SEM-B4047E6372E8425A,id,grecas_modular,azul_crema_marron,grecas escalonadas,horizontal,modular,repetitiva,medio,TPL_02,false,81,16,6,V2_027,0.354624092579,0.290373623371,-0.064250469208,0.000000000000,0.000000000000,0.166666666667,0.356207187108
82,CAP-V2_017-TPL_03,V2_017,SEM-B4047E6372E8425A,id,grecas_modular,azul_crema_marron,grecas escalonadas,horizontal,modular,repetitiva,medio,TPL_03,false,82,16,5,V2_027,0.334207594395,0.285001516342,-0.049206078053,0.000000000000,1.000000000000,0.200000000000,0.386852807235
83,CAP-V2_017-TPL_04,V2_017,SEM-B4047E6372E8425A,id,grecas_modular,azul_crema_marron,grecas escalonadas,horizontal,modular,repetitiva,medio,TPL_04,false,83,16,5,V2_002,0.306776225567,0.261977314949,-0.044798910618,0.000000000000,1.000000000000,0.200000000000,0.386852807235
84,CAP-V2_017-TPL_05,V2_017,SEM-B4047E6372E8425A,id,grecas_modular,azul_crema_marron,grecas escalonadas,horizontal,modular,repetitiva,medio,TPL_05,false,84,16,6,V2_002,0.360777109861,0.325643628836,-0.035133481026,0.000000000000,0.000000000000,0.166666666667,0.356207187108
85,CAP-V2_018-TPL_01,V2_018,SEM-8DD56A09C7883053,id,grecas_modular,ocre_marron_negro,grecas escalonadas,horizontal,modular,repetitiva,medio,TPL_01,true,85,17,6,V2_008,0.319983839989,0.293968379498,-0.026015460491,0.000000000000,0.000000000000,0.166666666667,0.356207187108
86,CAP-V2_018-TPL_02,V2_018,SEM-8DD56A09C7883053,id,grecas_modular,ocre_marron_negro,grecas escalonadas,horizontal,modular,repetitiva,medio,TPL_02,false,86,17,9,V2_028,0.328365147114,0.281979322433,-0.046385824680,0.000000000000,0.000000000000,0.111111111111,0.301029995664
87,CAP-V2_018-TPL_03,V2_018,SEM-8DD56A09C7883053,id,grecas_modular,ocre_marron_negro,grecas escalonadas,horizontal,modular,repetitiva,medio,TPL_03,false,87,17,3,V2_028,0.345979869366,0.312895715237,-0.033084154129,0.000000000000,1.000000000000,0.333333333333,0.500000000000
88,CAP-V2_018-TPL_04,V2_018,SEM-8DD56A09C7883053,id,grecas_modular,ocre_marron_negro,grecas escalonadas,horizontal,modular,repetitiva,medio,TPL_04,false,88,17,4,V2_003,0.316621363163,0.282093107700,-0.034528255463,0.000000000000,1.000000000000,0.250000000000,0.430676558073
89,CAP-V2_018-TPL_05,V2_018,SEM-8DD56A09C7883053,id,grecas_modular,ocre_marron_negro,grecas escalonadas,horizontal,modular,repetitiva,medio,TPL_05,false,89,17,4,V2_003,0.294234007597,0.288562655449,-0.005671352148,0.000000000000,1.000000000000,0.250000000000,0.430676558073
90,CAP-V2_019-TPL_01,V2_019,SEM-92B4FA22CEDB29E6,id,grecas_modular,blanco_negro_gris,grecas escalonadas,horizontal,modular,repetitiva,medio,TPL_01,true,90,18,5,V2_024,0.309778332710,0.291442334652,-0.018335998058,0.000000000000,1.000000000000,0.200000000000,0.386852807235
91,CAP-V2_019-TPL_02,V2_019,SEM-92B4FA22CEDB29E6,id,grecas_modular,blanco_negro_gris,grecas escalonadas,horizontal,modular,repetitiva,medio,TPL_02,false,91,18,3,V2_029,0.312480956316,0.286450386047,-0.026030570269,0.000000000000,1.000000000000,0.333333333333,0.500000000000
92,CAP-V2_019-TPL_03,V2_019,SEM-92B4FA22CEDB29E6,id,grecas_modular,blanco_negro_gris,grecas escalonadas,horizontal,modular,repetitiva,medio,TPL_03,false,92,18,3,V2_029,0.299927651882,0.279316306114,-0.020611345768,0.000000000000,1.000000000000,0.333333333333,0.500000000000
93,CAP-V2_019-TPL_04,V2_019,SEM-92B4FA22CEDB29E6,id,grecas_modular,blanco_negro_gris,grecas escalonadas,horizontal,modular,repetitiva,medio,TPL_04,false,93,18,5,V2_024,0.290411949158,0.260462224483,-0.029949724674,0.000000000000,1.000000000000,0.200000000000,0.386852807235
94,CAP-V2_019-TPL_05,V2_019,SEM-92B4FA22CEDB29E6,id,grecas_modular,blanco_negro_gris,grecas escalonadas,horizontal,modular,repetitiva,medio,TPL_05,false,94,18,3,V2_004,0.330995619297,0.318153798580,-0.012841820717,0.000000000000,1.000000000000,0.333333333333,0.500000000000
95,CAP-V2_020-TPL_01,V2_020,SEM-A02450BA65AD4237,id,grecas_modular,multicolor_tierra,grecas escalonadas,horizontal,modular,repetitiva,medio,TPL_01,true,95,19,3,V2_015,0.345522880554,0.329576432705,-0.015946447849,0.000000000000,1.000000000000,0.333333333333,0.500000000000
96,CAP-V2_020-TPL_02,V2_020,SEM-A02450BA65AD4237,id,grecas_modular,multicolor_tierra,grecas escalonadas,horizontal,modular,repetitiva,medio,TPL_02,false,96,19,3,V2_030,0.348846048117,0.286718100309,-0.062127947807,0.000000000000,1.000000000000,0.333333333333,0.500000000000
97,CAP-V2_020-TPL_03,V2_020,SEM-A02450BA65AD4237,id,grecas_modular,multicolor_tierra,grecas escalonadas,horizontal,modular,repetitiva,medio,TPL_03,false,97,19,2,V2_030,0.352408647537,0.315179169178,-0.037229478359,0.000000000000,1.000000000000,0.500000000000,0.630929753571
98,CAP-V2_020-TPL_04,V2_020,SEM-A02450BA65AD4237,id,grecas_modular,multicolor_tierra,grecas escalonadas,horizontal,modular,repetitiva,medio,TPL_04,false,98,19,4,V2_015,0.316591680050,0.290501177311,-0.026090502739,0.000000000000,1.000000000000,0.250000000000,0.430676558073
99,CAP-V2_020-TPL_05,V2_020,SEM-A02450BA65AD4237,id,grecas_modular,multicolor_tierra,grecas escalonadas,horizontal,modular,repetitiva,medio,TPL_05,false,99,19,4,V2_030,0.355220496655,0.339287191629,-0.015933305025,0.000000000000,1.000000000000,0.250000000000,0.430676558073
100,CAP-V2_021-TPL_01,V2_021,SEM-C35EEC4AAFF32C4A,id,grid_reticular,rojo_negro_crema,cuadrícula geométrica,bidireccional,reticular,repetitiva,bajo,TPL_01,true,100,20,2,V2_011,0.354270160198,0.323116242886,-0.031153917313,0.000000000000,1.000000000000,0.500000000000,0.630929753571
101,CAP-V2_021-TPL_02,V2_021,SEM-C35EEC4AAFF32C4A,id,grid_reticular,rojo_negro_crema,cuadrícula geométrica,bidireccional,reticular,repetitiva,bajo,TPL_02,false,101,20,3,V2_011,0.349363446236,0.304833531380,-0.044529914856,0.000000000000,1.000000000000,0.333333333333,0.500000000000
102,CAP-V2_021-TPL_03,V2_021,SEM-C35EEC4AAFF32C4A,id,grid_reticular,rojo_negro_crema,cuadrícula geométrica,bidireccional,reticular,repetitiva,bajo,TPL_03,false,102,20,3,V2_011,0.342571735382,0.296901345253,-0.045670390129,0.000000000000,1.000000000000,0.333333333333,0.500000000000
103,CAP-V2_021-TPL_04,V2_021,SEM-C35EEC4AAFF32C4A,id,grid_reticular,rojo_negro_crema,cuadrícula geométrica,bidireccional,reticular,repetitiva,bajo,TPL_04,false,103,20,2,V2_011,0.327257633209,0.312435507774,-0.014822125435,0.000000000000,1.000000000000,0.500000000000,0.630929753571
104,CAP-V2_021-TPL_05,V2_021,SEM-C35EEC4AAFF32C4A,id,grid_reticular,rojo_negro_crema,cuadrícula geométrica,bidireccional,reticular,repetitiva,bajo,TPL_05,false,104,20,3,V2_011,0.337230145931,0.312213420868,-0.025016725063,0.000000000000,1.000000000000,0.333333333333,0.500000000000
105,CAP-V2_022-TPL_01,V2_022,SEM-14694FF153156266,id,grid_reticular,azul_crema_marron,cuadrícula geométrica,bidireccional,reticular,repetitiva,bajo,TPL_01,true,105,21,2,V2_012,0.354504406452,0.321680843830,-0.032823562622,0.000000000000,1.000000000000,0.500000000000,0.630929753571
106,CAP-V2_022-TPL_02,V2_022,SEM-14694FF153156266,id,grid_reticular,azul_crema_marron,cuadrícula geométrica,bidireccional,reticular,repetitiva,bajo,TPL_02,false,106,21,3,V2_012,0.355455875397,0.329736739397,-0.025719136000,0.000000000000,1.000000000000,0.333333333333,0.500000000000
107,CAP-V2_022-TPL_03,V2_022,SEM-14694FF153156266,id,grid_reticular,azul_crema_marron,cuadrícula geométrica,bidireccional,reticular,repetitiva,bajo,TPL_03,false,107,21,4,V2_012,0.360224366188,0.314410686493,-0.045813679695,0.000000000000,1.000000000000,0.250000000000,0.430676558073
108,CAP-V2_022-TPL_04,V2_022,SEM-14694FF153156266,id,grid_reticular,azul_crema_marron,cuadrícula geométrica,bidireccional,reticular,repetitiva,bajo,TPL_04,false,108,21,2,V2_012,0.330436885357,0.313490241766,-0.016946643591,0.000000000000,1.000000000000,0.500000000000,0.630929753571
109,CAP-V2_022-TPL_05,V2_022,SEM-14694FF153156266,id,grid_reticular,azul_crema_marron,cuadrícula geométrica,bidireccional,reticular,repetitiva,bajo,TPL_05,false,109,21,2,V2_012,0.347913622856,0.338877499104,-0.009036123753,0.000000000000,1.000000000000,0.500000000000,0.630929753571
110,CAP-V2_023-TPL_01,V2_023,SEM-E2B97A08DEBB8084,id,grid_reticular,ocre_marron_negro,cuadrícula geométrica,bidireccional,reticular,repetitiva,bajo,TPL_01,true,110,22,5,V2_013,0.319238334894,0.293048202991,-0.026190131903,0.000000000000,1.000000000000,0.200000000000,0.386852807235
111,CAP-V2_023-TPL_02,V2_023,SEM-E2B97A08DEBB8084,id,grid_reticular,ocre_marron_negro,cuadrícula geométrica,bidireccional,reticular,repetitiva,bajo,TPL_02,false,111,22,11,V2_013,0.328103154898,0.283828705549,-0.044274449348,0.000000000000,0.000000000000,0.090909090909,0.000000000000
112,CAP-V2_023-TPL_03,V2_023,SEM-E2B97A08DEBB8084,id,grid_reticular,ocre_marron_negro,cuadrícula geométrica,bidireccional,reticular,repetitiva,bajo,TPL_03,false,112,22,8,V2_013,0.335741132498,0.296395540237,-0.039345592260,0.000000000000,0.000000000000,0.125000000000,0.315464876786
113,CAP-V2_023-TPL_04,V2_023,SEM-E2B97A08DEBB8084,id,grid_reticular,ocre_marron_negro,cuadrícula geométrica,bidireccional,reticular,repetitiva,bajo,TPL_04,false,113,22,6,V2_011,0.323067605495,0.290582895279,-0.032484710217,0.000000000000,0.000000000000,0.166666666667,0.356207187108
114,CAP-V2_023-TPL_05,V2_023,SEM-E2B97A08DEBB8084,id,grid_reticular,ocre_marron_negro,cuadrícula geométrica,bidireccional,reticular,repetitiva,bajo,TPL_05,false,114,22,9,V2_013,0.302464365959,0.275182068348,-0.027282297611,0.000000000000,0.000000000000,0.111111111111,0.301029995664
115,CAP-V2_024-TPL_01,V2_024,SEM-E18D189C6A8F47C1,id,grid_reticular,blanco_negro_gris,cuadrícula geométrica,bidireccional,reticular,repetitiva,bajo,TPL_01,true,115,23,2,V2_014,0.330292046070,0.305488646030,-0.024803400040,0.000000000000,1.000000000000,0.500000000000,0.630929753571
116,CAP-V2_024-TPL_02,V2_024,SEM-E18D189C6A8F47C1,id,grid_reticular,blanco_negro_gris,cuadrícula geométrica,bidireccional,reticular,repetitiva,bajo,TPL_02,false,116,23,3,V2_014,0.328063189983,0.318769276142,-0.009293913841,0.000000000000,1.000000000000,0.333333333333,0.500000000000
117,CAP-V2_024-TPL_03,V2_024,SEM-E18D189C6A8F47C1,id,grid_reticular,blanco_negro_gris,cuadrícula geométrica,bidireccional,reticular,repetitiva,bajo,TPL_03,false,117,23,3,V2_029,0.324563324451,0.301913797855,-0.022649526596,0.000000000000,1.000000000000,0.333333333333,0.500000000000
118,CAP-V2_024-TPL_04,V2_024,SEM-E18D189C6A8F47C1,id,grid_reticular,blanco_negro_gris,cuadrícula geométrica,bidireccional,reticular,repetitiva,bajo,TPL_04,false,118,23,2,V2_014,0.307802528143,0.303630232811,-0.004172295332,0.000000000000,1.000000000000,0.500000000000,0.630929753571
119,CAP-V2_024-TPL_05,V2_024,SEM-E18D189C6A8F47C1,id,grid_reticular,blanco_negro_gris,cuadrícula geométrica,bidireccional,reticular,repetitiva,bajo,TPL_05,false,119,23,3,V2_014,0.312786698341,0.301649898291,-0.011136800051,0.000000000000,1.000000000000,0.333333333333,0.500000000000
120,CAP-V2_025-TPL_01,V2_025,SEM-07F558960B386287,id,grid_reticular,multicolor_tierra,cuadrícula geométrica,bidireccional,reticular,repetitiva,bajo,TPL_01,true,120,24,7,V2_015,0.371222943068,0.306915730238,-0.064307212830,0.000000000000,0.000000000000,0.142857142857,0.333333333333
121,CAP-V2_025-TPL_02,V2_025,SEM-07F558960B386287,id,grid_reticular,multicolor_tierra,cuadrícula geométrica,bidireccional,reticular,repetitiva,bajo,TPL_02,false,121,24,8,V2_030,0.352176189423,0.271117746830,-0.081058442593,0.000000000000,0.000000000000,0.125000000000,0.315464876786
122,CAP-V2_025-TPL_03,V2_025,SEM-07F558960B386287,id,grid_reticular,multicolor_tierra,cuadrícula geométrica,bidireccional,reticular,repetitiva,bajo,TPL_03,false,122,24,11,V2_015,0.371950745583,0.288065671921,-0.083885073662,0.000000000000,0.000000000000,0.090909090909,0.000000000000
123,CAP-V2_025-TPL_04,V2_025,SEM-07F558960B386287,id,grid_reticular,multicolor_tierra,cuadrícula geométrica,bidireccional,reticular,repetitiva,bajo,TPL_04,false,123,24,12,V2_015,0.355381131172,0.275897473097,-0.079483658075,0.000000000000,0.000000000000,0.083333333333,0.000000000000
124,CAP-V2_025-TPL_05,V2_025,SEM-07F558960B386287,id,grid_reticular,multicolor_tierra,cuadrícula geométrica,bidireccional,reticular,repetitiva,bajo,TPL_05,false,124,24,7,V2_015,0.366084873676,0.307129114866,-0.058955758810,0.000000000000,0.000000000000,0.142857142857,0.333333333333
125,CAP-V2_026-TPL_01,V2_026,SEM-13F83CA2D0998B44,id,mixed_asymmetric,rojo_negro_crema,motivos geométricos combinados,mixta,mixta,asimétrica,alto,TPL_01,true,125,25,6,V2_011,0.360426574945,0.313869118690,-0.046557456255,0.000000000000,0.000000000000,0.166666666667,0.356207187108
126,CAP-V2_026-TPL_02,V2_026,SEM-13F83CA2D0998B44,id,mixed_asymmetric,rojo_negro_crema,motivos geométricos combinados,mixta,mixta,asimétrica,alto,TPL_02,false,126,25,2,V2_011,0.348522007465,0.325974583626,-0.022547423840,0.000000000000,1.000000000000,0.500000000000,0.630929753571
127,CAP-V2_026-TPL_03,V2_026,SEM-13F83CA2D0998B44,id,mixed_asymmetric,rojo_negro_crema,motivos geométricos combinados,mixta,mixta,asimétrica,alto,TPL_03,false,127,25,2,V2_011,0.355250179768,0.331913232803,-0.023336946964,0.000000000000,1.000000000000,0.500000000000,0.630929753571
128,CAP-V2_026-TPL_04,V2_026,SEM-13F83CA2D0998B44,id,mixed_asymmetric,rojo_negro_crema,motivos geométricos combinados,mixta,mixta,asimétrica,alto,TPL_04,false,128,25,5,V2_011,0.335766434669,0.295601487160,-0.040164947510,0.000000000000,1.000000000000,0.200000000000,0.386852807235
129,CAP-V2_026-TPL_05,V2_026,SEM-13F83CA2D0998B44,id,mixed_asymmetric,rojo_negro_crema,motivos geométricos combinados,mixta,mixta,asimétrica,alto,TPL_05,false,129,25,6,V2_011,0.351489961147,0.317077815533,-0.034412145615,0.000000000000,0.000000000000,0.166666666667,0.356207187108
130,CAP-V2_027-TPL_01,V2_027,SEM-A81DDA56894526D2,id,mixed_asymmetric,azul_crema_marron,motivos geométricos combinados,mixta,mixta,asimétrica,alto,TPL_01,true,130,26,4,V2_012,0.361993491650,0.336844861507,-0.025148630142,0.000000000000,1.000000000000,0.250000000000,0.430676558073
131,CAP-V2_027-TPL_02,V2_027,SEM-A81DDA56894526D2,id,mixed_asymmetric,azul_crema_marron,motivos geométricos combinados,mixta,mixta,asimétrica,alto,TPL_02,false,131,26,1,V2_027,0.357550412416,0.357550412416,0.001647382975,1.000000000000,1.000000000000,1.000000000000,1.000000000000
132,CAP-V2_027-TPL_03,V2_027,SEM-A81DDA56894526D2,id,mixed_asymmetric,azul_crema_marron,motivos geométricos combinados,mixta,mixta,asimétrica,alto,TPL_03,false,132,26,2,V2_012,0.367989063263,0.353212177753,-0.014776885509,0.000000000000,1.000000000000,0.500000000000,0.630929753571
133,CAP-V2_027-TPL_04,V2_027,SEM-A81DDA56894526D2,id,mixed_asymmetric,azul_crema_marron,motivos geométricos combinados,mixta,mixta,asimétrica,alto,TPL_04,false,133,26,4,V2_012,0.332227557898,0.308808267117,-0.023419290781,0.000000000000,1.000000000000,0.250000000000,0.430676558073
134,CAP-V2_027-TPL_05,V2_027,SEM-A81DDA56894526D2,id,mixed_asymmetric,azul_crema_marron,motivos geométricos combinados,mixta,mixta,asimétrica,alto,TPL_05,false,134,26,4,V2_002,0.356552660465,0.349425852299,-0.007126808167,0.000000000000,1.000000000000,0.250000000000,0.430676558073
135,CAP-V2_028-TPL_01,V2_028,SEM-395EB585FE6F4A0F,id,mixed_asymmetric,ocre_marron_negro,motivos geométricos combinados,mixta,mixta,asimétrica,alto,TPL_01,true,135,27,6,V2_008,0.341347217560,0.302243560553,-0.039103657007,0.000000000000,0.000000000000,0.166666666667,0.356207187108
136,CAP-V2_028-TPL_02,V2_028,SEM-395EB585FE6F4A0F,id,mixed_asymmetric,ocre_marron_negro,motivos geométricos combinados,mixta,mixta,asimétrica,alto,TPL_02,false,136,27,2,V2_013,0.323331296444,0.322883933783,-0.000447362661,0.000000000000,1.000000000000,0.500000000000,0.630929753571
137,CAP-V2_028-TPL_03,V2_028,SEM-395EB585FE6F4A0F,id,mixed_asymmetric,ocre_marron_negro,motivos geométricos combinados,mixta,mixta,asimétrica,alto,TPL_03,false,137,27,3,V2_008,0.327989131212,0.319381833076,-0.008607298136,0.000000000000,1.000000000000,0.333333333333,0.500000000000
138,CAP-V2_028-TPL_04,V2_028,SEM-395EB585FE6F4A0F,id,mixed_asymmetric,ocre_marron_negro,motivos geométricos combinados,mixta,mixta,asimétrica,alto,TPL_04,false,138,27,5,V2_003,0.314621061087,0.294721841812,-0.019899219275,0.000000000000,1.000000000000,0.200000000000,0.386852807235
139,CAP-V2_028-TPL_05,V2_028,SEM-395EB585FE6F4A0F,id,mixed_asymmetric,ocre_marron_negro,motivos geométricos combinados,mixta,mixta,asimétrica,alto,TPL_05,false,139,27,6,V2_008,0.337417125702,0.298731565475,-0.038685560226,0.000000000000,0.000000000000,0.166666666667,0.356207187108
140,CAP-V2_029-TPL_01,V2_029,SEM-4F620F242D17BFDE,id,mixed_asymmetric,blanco_negro_gris,motivos geométricos combinados,mixta,mixta,asimétrica,alto,TPL_01,true,140,28,5,V2_014,0.337061107159,0.298220574856,-0.038840532303,0.000000000000,1.000000000000,0.200000000000,0.386852807235
141,CAP-V2_029-TPL_02,V2_029,SEM-4F620F242D17BFDE,id,mixed_asymmetric,blanco_negro_gris,motivos geométricos combinados,mixta,mixta,asimétrica,alto,TPL_02,false,141,28,3,V2_014,0.322638899088,0.320755451918,-0.001883447170,0.000000000000,1.000000000000,0.333333333333,0.500000000000
142,CAP-V2_029-TPL_03,V2_029,SEM-4F620F242D17BFDE,id,mixed_asymmetric,blanco_negro_gris,motivos geométricos combinados,mixta,mixta,asimétrica,alto,TPL_03,false,142,28,2,V2_014,0.321941077709,0.319650113583,-0.002290964127,0.000000000000,1.000000000000,0.500000000000,0.630929753571
143,CAP-V2_029-TPL_04,V2_029,SEM-4F620F242D17BFDE,id,mixed_asymmetric,blanco_negro_gris,motivos geométricos combinados,mixta,mixta,asimétrica,alto,TPL_04,false,143,28,3,V2_024,0.307310521603,0.288745760918,-0.018564760685,0.000000000000,1.000000000000,0.333333333333,0.500000000000
144,CAP-V2_029-TPL_05,V2_029,SEM-4F620F242D17BFDE,id,mixed_asymmetric,blanco_negro_gris,motivos geométricos combinados,mixta,mixta,asimétrica,alto,TPL_05,false,144,28,5,V2_014,0.323967605829,0.303835928440,-0.020131677389,0.000000000000,1.000000000000,0.200000000000,0.386852807235
145,CAP-V2_030-TPL_01,V2_030,SEM-395AFC2FCA575E5C,id,mixed_asymmetric,multicolor_tierra,motivos geométricos combinados,mixta,mixta,asimétrica,alto,TPL_01,true,145,29,4,V2_015,0.370210528374,0.331316292286,-0.038894236088,0.000000000000,1.000000000000,0.250000000000,0.430676558073
146,CAP-V2_030-TPL_02,V2_030,SEM-395AFC2FCA575E5C,id,mixed_asymmetric,multicolor_tierra,motivos geométricos combinados,mixta,mixta,asimétrica,alto,TPL_02,false,146,29,1,V2_030,0.353377431631,0.353377431631,0.011788398027,1.000000000000,1.000000000000,1.000000000000,1.000000000000
147,CAP-V2_030-TPL_03,V2_030,SEM-395AFC2FCA575E5C,id,mixed_asymmetric,multicolor_tierra,motivos geométricos combinados,mixta,mixta,asimétrica,alto,TPL_03,false,147,29,2,V2_015,0.362783372402,0.360409796238,-0.002373576164,0.000000000000,1.000000000000,0.500000000000,0.630929753571
148,CAP-V2_030-TPL_04,V2_030,SEM-395AFC2FCA575E5C,id,mixed_asymmetric,multicolor_tierra,motivos geométricos combinados,mixta,mixta,asimétrica,alto,TPL_04,false,148,29,2,V2_015,0.355047523975,0.325155436993,-0.029892086983,0.000000000000,1.000000000000,0.500000000000,0.630929753571
149,CAP-V2_030-TPL_05,V2_030,SEM-395AFC2FCA575E5C,id,mixed_asymmetric,multicolor_tierra,motivos geométricos combinados,mixta,mixta,asimétrica,alto,TPL_05,false,149,29,2,V2_015,0.369727909565,0.351510018110,-0.018217891455,0.000000000000,1.000000000000,0.500000000000,0.630929753571
150,CAP-V2_031-TPL_01,V2_031,SEM-5385CECF3CA2ED7C,ood_palette,bands_horizontal,verde_ocre_crema,bandas geométricas,horizontal,bandas,repetitiva,bajo,TPL_01,true,150,30,1,V2_031,0.352500736713,0.352500736713,0.005060493946,1.000000000000,1.000000000000,1.000000000000,1.000000000000
151,CAP-V2_031-TPL_02,V2_031,SEM-5385CECF3CA2ED7C,ood_palette,bands_horizontal,verde_ocre_crema,bandas geométricas,horizontal,bandas,repetitiva,bajo,TPL_02,false,151,30,3,V2_041,0.366688668728,0.313924223185,-0.052764445543,0.000000000000,1.000000000000,0.333333333333,0.500000000000
152,CAP-V2_031-TPL_03,V2_031,SEM-5385CECF3CA2ED7C,ood_palette,bands_horizontal,verde_ocre_crema,bandas geométricas,horizontal,bandas,repetitiva,bajo,TPL_03,false,152,30,3,V2_041,0.369120180607,0.322127074003,-0.046993106604,0.000000000000,1.000000000000,0.333333333333,0.500000000000
153,CAP-V2_031-TPL_04,V2_031,SEM-5385CECF3CA2ED7C,ood_palette,bands_horizontal,verde_ocre_crema,bandas geométricas,horizontal,bandas,repetitiva,bajo,TPL_04,false,153,30,2,V2_041,0.324682414532,0.315522611141,-0.009159803391,0.000000000000,1.000000000000,0.500000000000,0.630929753571
154,CAP-V2_031-TPL_05,V2_031,SEM-5385CECF3CA2ED7C,ood_palette,bands_horizontal,verde_ocre_crema,bandas geométricas,horizontal,bandas,repetitiva,bajo,TPL_05,false,154,30,2,V2_041,0.347248554230,0.346539080143,-0.000709474087,0.000000000000,1.000000000000,0.500000000000,0.630929753571
155,CAP-V2_032-TPL_01,V2_032,SEM-EBDDE1D48F194248,ood_palette,bands_horizontal,morado_gris_rosa,bandas geométricas,horizontal,bandas,repetitiva,bajo,TPL_01,true,155,31,3,V2_036,0.349349915981,0.333097934723,-0.016251981258,0.000000000000,1.000000000000,0.333333333333,0.500000000000
156,CAP-V2_032-TPL_02,V2_032,SEM-EBDDE1D48F194248,ood_palette,bands_horizontal,morado_gris_rosa,bandas geométricas,horizontal,bandas,repetitiva,bajo,TPL_02,false,156,31,3,V2_042,0.341613620520,0.312468916178,-0.029144704342,0.000000000000,1.000000000000,0.333333333333,0.500000000000
157,CAP-V2_032-TPL_03,V2_032,SEM-EBDDE1D48F194248,ood_palette,bands_horizontal,morado_gris_rosa,bandas geométricas,horizontal,bandas,repetitiva,bajo,TPL_03,false,157,31,5,V2_042,0.341000437737,0.309667587280,-0.031332850456,0.000000000000,1.000000000000,0.200000000000,0.386852807235
158,CAP-V2_032-TPL_04,V2_032,SEM-EBDDE1D48F194248,ood_palette,bands_horizontal,morado_gris_rosa,bandas geométricas,horizontal,bandas,repetitiva,bajo,TPL_04,false,158,31,3,V2_036,0.326043158770,0.303941786289,-0.022101372480,0.000000000000,1.000000000000,0.333333333333,0.500000000000
159,CAP-V2_032-TPL_05,V2_032,SEM-EBDDE1D48F194248,ood_palette,bands_horizontal,morado_gris_rosa,bandas geométricas,horizontal,bandas,repetitiva,bajo,TPL_05,false,159,31,1,V2_032,0.336154401302,0.336154401302,0.003912299871,1.000000000000,1.000000000000,1.000000000000,1.000000000000
160,CAP-V2_033-TPL_01,V2_033,SEM-5B7B82044BDAE8EB,ood_palette,bands_vertical,verde_ocre_crema,bandas geométricas,vertical,bandas,repetitiva,bajo,TPL_01,true,160,32,3,V2_031,0.353331178427,0.347010642290,-0.006320536137,0.000000000000,1.000000000000,0.333333333333,0.500000000000
161,CAP-V2_033-TPL_02,V2_033,SEM-5B7B82044BDAE8EB,ood_palette,bands_vertical,verde_ocre_crema,bandas geométricas,vertical,bandas,repetitiva,bajo,TPL_02,false,161,32,4,V2_041,0.372222423553,0.309820771217,-0.062401652336,0.000000000000,1.000000000000,0.250000000000,0.430676558073
162,CAP-V2_033-TPL_03,V2_033,SEM-5B7B82044BDAE8EB,ood_palette,bands_vertical,verde_ocre_crema,bandas geométricas,vertical,bandas,repetitiva,bajo,TPL_03,false,162,32,4,V2_041,0.377515643835,0.321350991726,-0.056164652109,0.000000000000,1.000000000000,0.250000000000,0.430676558073
163,CAP-V2_033-TPL_04,V2_033,SEM-5B7B82044BDAE8EB,ood_palette,bands_vertical,verde_ocre_crema,bandas geométricas,vertical,bandas,repetitiva,bajo,TPL_04,false,163,32,4,V2_041,0.329327136278,0.296317398548,-0.033009737730,0.000000000000,1.000000000000,0.250000000000,0.430676558073
164,CAP-V2_033-TPL_05,V2_033,SEM-5B7B82044BDAE8EB,ood_palette,bands_vertical,verde_ocre_crema,bandas geométricas,vertical,bandas,repetitiva,bajo,TPL_05,false,164,32,4,V2_041,0.351130217314,0.335258036852,-0.015872180462,0.000000000000,1.000000000000,0.250000000000,0.430676558073
165,CAP-V2_034-TPL_01,V2_034,SEM-E53EDC29A9BA52BC,ood_palette,bands_vertical,morado_gris_rosa,bandas geométricas,vertical,bandas,repetitiva,bajo,TPL_01,true,165,33,2,V2_036,0.353521168232,0.350516974926,-0.003004193306,0.000000000000,1.000000000000,0.500000000000,0.630929753571
166,CAP-V2_034-TPL_02,V2_034,SEM-E53EDC29A9BA52BC,ood_palette,bands_vertical,morado_gris_rosa,bandas geométricas,vertical,bandas,repetitiva,bajo,TPL_02,false,166,33,3,V2_036,0.350864529610,0.317524164915,-0.033340364695,0.000000000000,1.000000000000,0.333333333333,0.500000000000
167,CAP-V2_034-TPL_03,V2_034,SEM-E53EDC29A9BA52BC,ood_palette,bands_vertical,morado_gris_rosa,bandas geométricas,vertical,bandas,repetitiva,bajo,TPL_03,false,167,33,3,V2_036,0.356986343861,0.330307781696,-0.026678562164,0.000000000000,1.000000000000,0.333333333333,0.500000000000
168,CAP-V2_034-TPL_04,V2_034,SEM-E53EDC29A9BA52BC,ood_palette,bands_vertical,morado_gris_rosa,bandas geométricas,vertical,bandas,repetitiva,bajo,TPL_04,false,168,33,3,V2_036,0.334160268307,0.307822346687,-0.026337921619,0.000000000000,1.000000000000,0.333333333333,0.500000000000
169,CAP-V2_034-TPL_05,V2_034,SEM-E53EDC29A9BA52BC,ood_palette,bands_vertical,morado_gris_rosa,bandas geométricas,vertical,bandas,repetitiva,bajo,TPL_05,false,169,33,1,V2_034,0.347847789526,0.347847789526,0.002197593451,1.000000000000,1.000000000000,1.000000000000,1.000000000000
170,CAP-V2_035-TPL_01,V2_035,SEM-FFE7DFAAFAF2AC61,ood_palette,diamonds_central,verde_ocre_crema,rombos,diagonal,central,bilateral,medio,TPL_01,true,170,34,1,V2_035,0.351087689400,0.351087689400,0.018626302481,1.000000000000,1.000000000000,1.000000000000,1.000000000000
171,CAP-V2_035-TPL_02,V2_035,SEM-FFE7DFAAFAF2AC61,ood_palette,diamonds_central,verde_ocre_crema,rombos,diagonal,central,bilateral,medio,TPL_02,false,171,34,2,V2_041,0.353783249855,0.338697671890,-0.015085577965,0.000000000000,1.000000000000,0.500000000000,0.630929753571
172,CAP-V2_035-TPL_03,V2_035,SEM-FFE7DFAAFAF2AC61,ood_palette,diamonds_central,verde_ocre_crema,rombos,diagonal,central,bilateral,medio,TPL_03,false,172,34,2,V2_041,0.376228004694,0.367917120457,-0.008310884237,0.000000000000,1.000000000000,0.500000000000,0.630929753571
173,CAP-V2_035-TPL_04,V2_035,SEM-FFE7DFAAFAF2AC61,ood_palette,diamonds_central,verde_ocre_crema,rombos,diagonal,central,bilateral,medio,TPL_04,false,173,34,1,V2_035,0.338802844286,0.338802844286,0.031589657068,1.000000000000,1.000000000000,1.000000000000,1.000000000000
174,CAP-V2_035-TPL_05,V2_035,SEM-FFE7DFAAFAF2AC61,ood_palette,diamonds_central,verde_ocre_crema,rombos,diagonal,central,bilateral,medio,TPL_05,false,174,34,1,V2_035,0.352111101151,0.352111101151,0.005886137486,1.000000000000,1.000000000000,1.000000000000,1.000000000000
175,CAP-V2_036-TPL_01,V2_036,SEM-A391BDC002181DD1,ood_palette,diamonds_central,morado_gris_rosa,rombos,diagonal,central,bilateral,medio,TPL_01,true,175,35,1,V2_036,0.351180762053,0.351180762053,0.027249693871,1.000000000000,1.000000000000,1.000000000000,1.000000000000
176,CAP-V2_036-TPL_02,V2_036,SEM-A391BDC002181DD1,ood_palette,diamonds_central,morado_gris_rosa,rombos,diagonal,central,bilateral,medio,TPL_02,false,176,35,1,V2_036,0.351599216461,0.351599216461,0.018219858408,1.000000000000,1.000000000000,1.000000000000,1.000000000000
177,CAP-V2_036-TPL_03,V2_036,SEM-A391BDC002181DD1,ood_palette,diamonds_central,morado_gris_rosa,rombos,diagonal,central,bilateral,medio,TPL_03,false,177,35,1,V2_036,0.362075030804,0.362075030804,0.015296638012,1.000000000000,1.000000000000,1.000000000000,1.000000000000
178,CAP-V2_036-TPL_04,V2_036,SEM-A391BDC002181DD1,ood_palette,diamonds_central,morado_gris_rosa,rombos,diagonal,central,bilateral,medio,TPL_04,false,178,35,1,V2_036,0.335924863815,0.335924863815,0.035359382629,1.000000000000,1.000000000000,1.000000000000,1.000000000000
179,CAP-V2_036-TPL_05,V2_036,SEM-A391BDC002181DD1,ood_palette,diamonds_central,morado_gris_rosa,rombos,diagonal,central,bilateral,medio,TPL_05,false,179,35,1,V2_036,0.355198025703,0.355198025703,0.009992897511,1.000000000000,1.000000000000,1.000000000000,1.000000000000
180,CAP-V2_037-TPL_01,V2_037,SEM-5300F3F8950CB672,ood_palette,grecas_modular,verde_ocre_crema,grecas escalonadas,horizontal,modular,repetitiva,medio,TPL_01,true,180,36,5,V2_041,0.339449077845,0.320379942656,-0.019069135189,0.000000000000,1.000000000000,0.200000000000,0.386852807235
181,CAP-V2_037-TPL_02,V2_037,SEM-5300F3F8950CB672,ood_palette,grecas_modular,verde_ocre_crema,grecas escalonadas,horizontal,modular,repetitiva,medio,TPL_02,false,181,36,3,V2_041,0.362483918667,0.309127748013,-0.053356170654,0.000000000000,1.000000000000,0.333333333333,0.500000000000
182,CAP-V2_037-TPL_03,V2_037,SEM-5300F3F8950CB672,ood_palette,grecas_modular,verde_ocre_crema,grecas escalonadas,horizontal,modular,repetitiva,medio,TPL_03,false,182,36,2,V2_041,0.358077526093,0.313817858696,-0.044259667397,0.000000000000,1.000000000000,0.500000000000,0.630929753571
183,CAP-V2_037-TPL_04,V2_037,SEM-5300F3F8950CB672,ood_palette,grecas_modular,verde_ocre_crema,grecas escalonadas,horizontal,modular,repetitiva,medio,TPL_04,false,183,36,4,V2_041,0.315348029137,0.293515056372,-0.021832972765,0.000000000000,1.000000000000,0.250000000000,0.430676558073
184,CAP-V2_037-TPL_05,V2_037,SEM-5300F3F8950CB672,ood_palette,grecas_modular,verde_ocre_crema,grecas escalonadas,horizontal,modular,repetitiva,medio,TPL_05,false,184,36,4,V2_041,0.343853294849,0.331255078316,-0.012598216534,0.000000000000,1.000000000000,0.250000000000,0.430676558073
185,CAP-V2_038-TPL_01,V2_038,SEM-2D499E7E496213F7,ood_palette,grecas_modular,morado_gris_rosa,grecas escalonadas,horizontal,modular,repetitiva,medio,TPL_01,true,185,37,6,V2_036,0.342315256596,0.315116167068,-0.027199089527,0.000000000000,0.000000000000,0.166666666667,0.356207187108
186,CAP-V2_038-TPL_02,V2_038,SEM-2D499E7E496213F7,ood_palette,grecas_modular,morado_gris_rosa,grecas escalonadas,horizontal,modular,repetitiva,medio,TPL_02,false,186,37,4,V2_042,0.339255213737,0.298462390900,-0.040792822838,0.000000000000,1.000000000000,0.250000000000,0.430676558073
187,CAP-V2_038-TPL_03,V2_038,SEM-2D499E7E496213F7,ood_palette,grecas_modular,morado_gris_rosa,grecas escalonadas,horizontal,modular,repetitiva,medio,TPL_03,false,187,37,3,V2_042,0.339950144291,0.311317265034,-0.028632879257,0.000000000000,1.000000000000,0.333333333333,0.500000000000
188,CAP-V2_038-TPL_04,V2_038,SEM-2D499E7E496213F7,ood_palette,grecas_modular,morado_gris_rosa,grecas escalonadas,horizontal,modular,repetitiva,medio,TPL_04,false,188,37,5,V2_036,0.308556914330,0.281057089567,-0.027499824762,0.000000000000,1.000000000000,0.200000000000,0.386852807235
189,CAP-V2_038-TPL_05,V2_038,SEM-2D499E7E496213F7,ood_palette,grecas_modular,morado_gris_rosa,grecas escalonadas,horizontal,modular,repetitiva,medio,TPL_05,false,189,37,3,V2_036,0.345556497574,0.334989130497,-0.010567367077,0.000000000000,1.000000000000,0.333333333333,0.500000000000
190,CAP-V2_039-TPL_01,V2_039,SEM-99B04CC5A7706E4B,ood_palette,grid_reticular,verde_ocre_crema,cuadrícula geométrica,bidireccional,reticular,repetitiva,bajo,TPL_01,true,190,38,5,V2_035,0.345578730106,0.307702660561,-0.037876069546,0.000000000000,1.000000000000,0.200000000000,0.386852807235
191,CAP-V2_039-TPL_02,V2_039,SEM-99B04CC5A7706E4B,ood_palette,grid_reticular,verde_ocre_crema,cuadrícula geométrica,bidireccional,reticular,repetitiva,bajo,TPL_02,false,191,38,6,V2_041,0.367114096880,0.299812614918,-0.067301481962,0.000000000000,0.000000000000,0.166666666667,0.356207187108
192,CAP-V2_039-TPL_03,V2_039,SEM-99B04CC5A7706E4B,ood_palette,grid_reticular,verde_ocre_crema,cuadrícula geométrica,bidireccional,reticular,repetitiva,bajo,TPL_03,false,192,38,6,V2_041,0.349497139454,0.286398410797,-0.063098728657,0.000000000000,0.000000000000,0.166666666667,0.356207187108
193,CAP-V2_039-TPL_04,V2_039,SEM-99B04CC5A7706E4B,ood_palette,grid_reticular,verde_ocre_crema,cuadrícula geométrica,bidireccional,reticular,repetitiva,bajo,TPL_04,false,193,38,4,V2_035,0.327196180820,0.290974676609,-0.036221504211,0.000000000000,1.000000000000,0.250000000000,0.430676558073
194,CAP-V2_039-TPL_05,V2_039,SEM-99B04CC5A7706E4B,ood_palette,grid_reticular,verde_ocre_crema,cuadrícula geométrica,bidireccional,reticular,repetitiva,bajo,TPL_05,false,194,38,6,V2_041,0.332142233849,0.296096175909,-0.036046057940,0.000000000000,0.000000000000,0.166666666667,0.356207187108
195,CAP-V2_040-TPL_01,V2_040,SEM-55B6A0B004427F80,ood_palette,grid_reticular,morado_gris_rosa,cuadrícula geométrica,bidireccional,reticular,repetitiva,bajo,TPL_01,true,195,39,4,V2_036,0.356099307537,0.310455888510,-0.045643419027,0.000000000000,1.000000000000,0.250000000000,0.430676558073
196,CAP-V2_040-TPL_02,V2_040,SEM-55B6A0B004427F80,ood_palette,grid_reticular,morado_gris_rosa,cuadrícula geométrica,bidireccional,reticular,repetitiva,bajo,TPL_02,false,196,39,4,V2_036,0.363233685493,0.298334956169,-0.064898729324,0.000000000000,1.000000000000,0.250000000000,0.430676558073
197,CAP-V2_040-TPL_03,V2_040,SEM-55B6A0B004427F80,ood_palette,grid_reticular,morado_gris_rosa,cuadrícula geométrica,bidireccional,reticular,repetitiva,bajo,TPL_03,false,197,39,4,V2_036,0.357087343931,0.304597675800,-0.052489668131,0.000000000000,1.000000000000,0.250000000000,0.430676558073
198,CAP-V2_040-TPL_04,V2_040,SEM-55B6A0B004427F80,ood_palette,grid_reticular,morado_gris_rosa,cuadrícula geométrica,bidireccional,reticular,repetitiva,bajo,TPL_04,false,198,39,2,V2_036,0.333421915770,0.296266466379,-0.037155449390,0.000000000000,1.000000000000,0.500000000000,0.630929753571
199,CAP-V2_040-TPL_05,V2_040,SEM-55B6A0B004427F80,ood_palette,grid_reticular,morado_gris_rosa,cuadrícula geométrica,bidireccional,reticular,repetitiva,bajo,TPL_05,false,199,39,4,V2_036,0.339996039867,0.305287539959,-0.034708499908,0.000000000000,1.000000000000,0.250000000000,0.430676558073
200,CAP-V2_041-TPL_01,V2_041,SEM-7182256D7B84CB51,ood_palette,mixed_asymmetric,verde_ocre_crema,motivos geométricos combinados,mixta,mixta,asimétrica,alto,TPL_01,true,200,40,3,V2_035,0.346905827522,0.343252420425,-0.003653407097,0.000000000000,1.000000000000,0.333333333333,0.500000000000
201,CAP-V2_041-TPL_02,V2_041,SEM-7182256D7B84CB51,ood_palette,mixed_asymmetric,verde_ocre_crema,motivos geométricos combinados,mixta,mixta,asimétrica,alto,TPL_02,false,201,40,1,V2_041,0.371758401394,0.371758401394,0.027093648911,1.000000000000,1.000000000000,1.000000000000,1.000000000000
202,CAP-V2_041-TPL_03,V2_041,SEM-7182256D7B84CB51,ood_palette,mixed_asymmetric,verde_ocre_crema,motivos geométricos combinados,mixta,mixta,asimétrica,alto,TPL_03,false,202,40,1,V2_041,0.369208812714,0.369208812714,0.021586954594,1.000000000000,1.000000000000,1.000000000000,1.000000000000
203,CAP-V2_041-TPL_04,V2_041,SEM-7182256D7B84CB51,ood_palette,mixed_asymmetric,verde_ocre_crema,motivos geométricos combinados,mixta,mixta,asimétrica,alto,TPL_04,false,203,40,2,V2_035,0.329245865345,0.327511787415,-0.001734077930,0.000000000000,1.000000000000,0.500000000000,0.630929753571
204,CAP-V2_041-TPL_05,V2_041,SEM-7182256D7B84CB51,ood_palette,mixed_asymmetric,verde_ocre_crema,motivos geométricos combinados,mixta,mixta,asimétrica,alto,TPL_05,false,204,40,1,V2_041,0.351655900478,0.351655900478,0.005329132080,1.000000000000,1.000000000000,1.000000000000,1.000000000000
205,CAP-V2_042-TPL_01,V2_042,SEM-E7CF6ADDFBA2B989,ood_palette,mixed_asymmetric,morado_gris_rosa,motivos geométricos combinados,mixta,mixta,asimétrica,alto,TPL_01,true,205,41,5,V2_036,0.355659663677,0.314505934715,-0.041153728962,0.000000000000,1.000000000000,0.200000000000,0.386852807235
206,CAP-V2_042-TPL_02,V2_042,SEM-E7CF6ADDFBA2B989,ood_palette,mixed_asymmetric,morado_gris_rosa,motivos geométricos combinados,mixta,mixta,asimétrica,alto,TPL_02,false,206,41,2,V2_036,0.360900402069,0.337407648563,-0.023492753506,0.000000000000,1.000000000000,0.500000000000,0.630929753571
207,CAP-V2_042-TPL_03,V2_042,SEM-E7CF6ADDFBA2B989,ood_palette,mixed_asymmetric,morado_gris_rosa,motivos geométricos combinados,mixta,mixta,asimétrica,alto,TPL_03,false,207,41,2,V2_036,0.358615159988,0.332669854164,-0.025945305824,0.000000000000,1.000000000000,0.500000000000,0.630929753571
208,CAP-V2_042-TPL_04,V2_042,SEM-E7CF6ADDFBA2B989,ood_palette,mixed_asymmetric,morado_gris_rosa,motivos geométricos combinados,mixta,mixta,asimétrica,alto,TPL_04,false,208,41,2,V2_036,0.331621140242,0.298596739769,-0.033024400473,0.000000000000,1.000000000000,0.500000000000,0.630929753571
209,CAP-V2_042-TPL_05,V2_042,SEM-E7CF6ADDFBA2B989,ood_palette,mixed_asymmetric,morado_gris_rosa,motivos geométricos combinados,mixta,mixta,asimétrica,alto,TPL_05,false,209,41,5,V2_036,0.352751404047,0.321452260017,-0.031299144030,0.000000000000,1.000000000000,0.200000000000,0.386852807235
210,CAP-V2_043-TPL_01,V2_043,SEM-56C4D842DA98D20F,ood_pattern,chevrons_diagonal,rojo_negro_crema,chevrones,diagonal,bandas,repetitiva,medio,TPL_01,true,210,42,4,V2_011,0.357759714127,0.328270047903,-0.029489666224,0.000000000000,1.000000000000,0.250000000000,0.430676558073
211,CAP-V2_043-TPL_02,V2_043,SEM-56C4D842DA98D20F,ood_pattern,chevrons_diagonal,rojo_negro_crema,chevrones,diagonal,bandas,repetitiva,medio,TPL_02,false,211,42,8,V2_011,0.323221743107,0.246839091182,-0.076382651925,0.000000000000,0.000000000000,0.125000000000,0.315464876786
212,CAP-V2_043-TPL_03,V2_043,SEM-56C4D842DA98D20F,ood_pattern,chevrons_diagonal,rojo_negro_crema,chevrones,diagonal,bandas,repetitiva,medio,TPL_03,false,212,42,6,V2_026,0.328722029924,0.286456823349,-0.042265206575,0.000000000000,0.000000000000,0.166666666667,0.356207187108
213,CAP-V2_043-TPL_04,V2_043,SEM-56C4D842DA98D20F,ood_pattern,chevrons_diagonal,rojo_negro_crema,chevrones,diagonal,bandas,repetitiva,medio,TPL_04,false,213,42,7,V2_011,0.322847068310,0.272754013538,-0.050093054771,0.000000000000,0.000000000000,0.142857142857,0.333333333333
214,CAP-V2_043-TPL_05,V2_043,SEM-56C4D842DA98D20F,ood_pattern,chevrons_diagonal,rojo_negro_crema,chevrones,diagonal,bandas,repetitiva,medio,TPL_05,false,214,42,4,V2_011,0.345599234104,0.316234946251,-0.029364287853,0.000000000000,1.000000000000,0.250000000000,0.430676558073
215,CAP-V2_044-TPL_01,V2_044,SEM-14E04EF9E89810AE,ood_pattern,chevrons_diagonal,azul_crema_marron,chevrones,diagonal,bandas,repetitiva,medio,TPL_01,true,215,43,5,V2_012,0.365888476372,0.308489412069,-0.057399064302,0.000000000000,1.000000000000,0.200000000000,0.386852807235
216,CAP-V2_044-TPL_02,V2_044,SEM-14E04EF9E89810AE,ood_pattern,chevrons_diagonal,azul_crema_marron,chevrones,diagonal,bandas,repetitiva,medio,TPL_02,false,216,43,9,V2_027,0.341442465782,0.262841343880,-0.078601121902,0.000000000000,0.000000000000,0.111111111111,0.301029995664
217,CAP-V2_044-TPL_03,V2_044,SEM-14E04EF9E89810AE,ood_pattern,chevrons_diagonal,azul_crema_marron,chevrones,diagonal,bandas,repetitiva,medio,TPL_03,false,217,43,7,V2_012,0.360682457685,0.286174356937,-0.074508100748,0.000000000000,0.000000000000,0.142857142857,0.333333333333
218,CAP-V2_044-TPL_04,V2_044,SEM-14E04EF9E89810AE,ood_pattern,chevrons_diagonal,azul_crema_marron,chevrones,diagonal,bandas,repetitiva,medio,TPL_04,false,218,43,9,V2_002,0.326130360365,0.253640323877,-0.072490036488,0.000000000000,0.000000000000,0.111111111111,0.301029995664
219,CAP-V2_044-TPL_05,V2_044,SEM-14E04EF9E89810AE,ood_pattern,chevrons_diagonal,azul_crema_marron,chevrones,diagonal,bandas,repetitiva,medio,TPL_05,false,219,43,6,V2_012,0.359877884388,0.323930650949,-0.035947233438,0.000000000000,0.000000000000,0.166666666667,0.356207187108
220,CAP-V2_045-TPL_01,V2_045,SEM-65762749FD7D9D05,ood_pattern,chevrons_diagonal,ocre_marron_negro,chevrones,diagonal,bandas,repetitiva,medio,TPL_01,true,220,44,8,V2_008,0.349639713764,0.293083339930,-0.056556373835,0.000000000000,0.000000000000,0.125000000000,0.315464876786
221,CAP-V2_045-TPL_02,V2_045,SEM-65762749FD7D9D05,ood_pattern,chevrons_diagonal,ocre_marron_negro,chevrones,diagonal,bandas,repetitiva,medio,TPL_02,false,221,44,19,V2_013,0.307372301817,0.232400327921,-0.074971973896,0.000000000000,0.000000000000,0.052631578947,0.000000000000
222,CAP-V2_045-TPL_03,V2_045,SEM-65762749FD7D9D05,ood_pattern,chevrons_diagonal,ocre_marron_negro,chevrones,diagonal,bandas,repetitiva,medio,TPL_03,false,222,44,11,V2_028,0.338535428047,0.280418783426,-0.058116644621,0.000000000000,0.000000000000,0.090909090909,0.000000000000
223,CAP-V2_045-TPL_04,V2_045,SEM-65762749FD7D9D05,ood_pattern,chevrons_diagonal,ocre_marron_negro,chevrones,diagonal,bandas,repetitiva,medio,TPL_04,false,223,44,20,V2_003,0.331811785698,0.253977090120,-0.077834695578,0.000000000000,0.000000000000,0.050000000000,0.000000000000
224,CAP-V2_045-TPL_05,V2_045,SEM-65762749FD7D9D05,ood_pattern,chevrons_diagonal,ocre_marron_negro,chevrones,diagonal,bandas,repetitiva,medio,TPL_05,false,224,44,9,V2_008,0.299260258675,0.275814324617,-0.023445934057,0.000000000000,0.000000000000,0.111111111111,0.301029995664
225,CAP-V2_046-TPL_01,V2_046,SEM-C6432B9E4CDBB5A7,ood_pattern,chevrons_diagonal,blanco_negro_gris,chevrones,diagonal,bandas,repetitiva,medio,TPL_01,true,225,45,4,V2_014,0.333062827587,0.287164688110,-0.045898139477,0.000000000000,1.000000000000,0.250000000000,0.430676558073
226,CAP-V2_046-TPL_02,V2_046,SEM-C6432B9E4CDBB5A7,ood_pattern,chevrons_diagonal,blanco_negro_gris,chevrones,diagonal,bandas,repetitiva,medio,TPL_02,false,226,45,11,V2_014,0.299109786749,0.226365387440,-0.072744399309,0.000000000000,0.000000000000,0.090909090909,0.000000000000
227,CAP-V2_046-TPL_03,V2_046,SEM-C6432B9E4CDBB5A7,ood_pattern,chevrons_diagonal,blanco_negro_gris,chevrones,diagonal,bandas,repetitiva,medio,TPL_03,false,227,45,7,V2_029,0.315291643143,0.257575958967,-0.057715684175,0.000000000000,0.000000000000,0.142857142857,0.333333333333
228,CAP-V2_046-TPL_04,V2_046,SEM-C6432B9E4CDBB5A7,ood_pattern,chevrons_diagonal,blanco_negro_gris,chevrones,diagonal,bandas,repetitiva,medio,TPL_04,false,228,45,7,V2_004,0.297280907631,0.236629560590,-0.060651347041,0.000000000000,0.000000000000,0.142857142857,0.333333333333
229,CAP-V2_046-TPL_05,V2_046,SEM-C6432B9E4CDBB5A7,ood_pattern,chevrons_diagonal,blanco_negro_gris,chevrones,diagonal,bandas,repetitiva,medio,TPL_05,false,229,45,6,V2_004,0.321195483208,0.293294966221,-0.027900516987,0.000000000000,0.000000000000,0.166666666667,0.356207187108
230,CAP-V2_047-TPL_01,V2_047,SEM-2FFA4D814BEBCF16,ood_pattern,chevrons_diagonal,multicolor_tierra,chevrones,diagonal,bandas,repetitiva,medio,TPL_01,true,230,46,10,V2_015,0.367198765278,0.303817003965,-0.063381761312,0.000000000000,0.000000000000,0.100000000000,0.289064826318
231,CAP-V2_047-TPL_02,V2_047,SEM-2FFA4D814BEBCF16,ood_pattern,chevrons_diagonal,multicolor_tierra,chevrones,diagonal,bandas,repetitiva,medio,TPL_02,false,231,46,12,V2_030,0.339366465807,0.245536535978,-0.093829929829,0.000000000000,0.000000000000,0.083333333333,0.000000000000
232,CAP-V2_047-TPL_03,V2_047,SEM-2FFA4D814BEBCF16,ood_pattern,chevrons_diagonal,multicolor_tierra,chevrones,diagonal,bandas,repetitiva,medio,TPL_03,false,232,46,10,V2_030,0.364696472883,0.276385128498,-0.088311344385,0.000000000000,0.000000000000,0.100000000000,0.289064826318
233,CAP-V2_047-TPL_04,V2_047,SEM-2FFA4D814BEBCF16,ood_pattern,chevrons_diagonal,multicolor_tierra,chevrones,diagonal,bandas,repetitiva,medio,TPL_04,false,233,46,24,V2_015,0.342188954353,0.244435533881,-0.097753420472,0.000000000000,0.000000000000,0.041666666667,0.000000000000
234,CAP-V2_047-TPL_05,V2_047,SEM-2FFA4D814BEBCF16,ood_pattern,chevrons_diagonal,multicolor_tierra,chevrones,diagonal,bandas,repetitiva,medio,TPL_05,false,234,46,8,V2_015,0.364931881428,0.306630373001,-0.058301508427,0.000000000000,0.000000000000,0.125000000000,0.315464876786
235,CAP-V2_048-TPL_01,V2_048,SEM-EE8AABF8E6A4B9F8,ood_pattern,circles_concentric,rojo_negro_crema,círculos concéntricos,radial,central,radial,bajo,TPL_01,true,235,47,2,V2_011,0.330225765705,0.329175859690,-0.001049906015,0.000000000000,1.000000000000,0.500000000000,0.630929753571
236,CAP-V2_048-TPL_02,V2_048,SEM-EE8AABF8E6A4B9F8,ood_pattern,circles_concentric,rojo_negro_crema,círculos concéntricos,radial,central,radial,bajo,TPL_02,false,236,47,2,V2_011,0.313584983349,0.295366942883,-0.018218040466,0.000000000000,1.000000000000,0.500000000000,0.630929753571
237,CAP-V2_048-TPL_03,V2_048,SEM-EE8AABF8E6A4B9F8,ood_pattern,circles_concentric,rojo_negro_crema,círculos concéntricos,radial,central,radial,bajo,TPL_03,false,237,47,2,V2_011,0.311166107655,0.300570070744,-0.010596036911,0.000000000000,1.000000000000,0.500000000000,0.630929753571
238,CAP-V2_048-TPL_04,V2_048,SEM-EE8AABF8E6A4B9F8,ood_pattern,circles_concentric,rojo_negro_crema,círculos concéntricos,radial,central,radial,bajo,TPL_04,false,238,47,3,V2_021,0.296505868435,0.277583390474,-0.018922477961,0.000000000000,1.000000000000,0.333333333333,0.500000000000
239,CAP-V2_048-TPL_05,V2_048,SEM-EE8AABF8E6A4B9F8,ood_pattern,circles_concentric,rojo_negro_crema,círculos concéntricos,radial,central,radial,bajo,TPL_05,false,239,47,2,V2_011,0.314576089382,0.304516315460,-0.010059773922,0.000000000000,1.000000000000,0.500000000000,0.630929753571
240,CAP-V2_049-TPL_01,V2_049,SEM-6D37CFF774A2170A,ood_pattern,circles_concentric,azul_crema_marron,círculos concéntricos,radial,central,radial,bajo,TPL_01,true,240,48,1,V2_049,0.354372024536,0.354372024536,0.020501375198,1.000000000000,1.000000000000,1.000000000000,1.000000000000
241,CAP-V2_049-TPL_02,V2_049,SEM-6D37CFF774A2170A,ood_pattern,circles_concentric,azul_crema_marron,círculos concéntricos,radial,central,radial,bajo,TPL_02,false,241,48,1,V2_049,0.317841738462,0.317841738462,0.001930177212,1.000000000000,1.000000000000,1.000000000000,1.000000000000
242,CAP-V2_049-TPL_03,V2_049,SEM-6D37CFF774A2170A,ood_pattern,circles_concentric,azul_crema_marron,círculos concéntricos,radial,central,radial,bajo,TPL_03,false,242,48,1,V2_049,0.336418986320,0.336418986320,0.011552214622,1.000000000000,1.000000000000,1.000000000000,1.000000000000
243,CAP-V2_049-TPL_04,V2_049,SEM-6D37CFF774A2170A,ood_pattern,circles_concentric,azul_crema_marron,círculos concéntricos,radial,central,radial,bajo,TPL_04,false,243,48,1,V2_049,0.290834307671,0.290834307671,0.011999726295,1.000000000000,1.000000000000,1.000000000000,1.000000000000
244,CAP-V2_049-TPL_05,V2_049,SEM-6D37CFF774A2170A,ood_pattern,circles_concentric,azul_crema_marron,círculos concéntricos,radial,central,radial,bajo,TPL_05,false,244,48,2,V2_012,0.324842274189,0.322835445404,-0.002006828785,0.000000000000,1.000000000000,0.500000000000,0.630929753571
245,CAP-V2_050-TPL_01,V2_050,SEM-FC6C9490A1241F7A,ood_pattern,circles_concentric,ocre_marron_negro,círculos concéntricos,radial,central,radial,bajo,TPL_01,true,245,49,1,V2_050,0.300956934690,0.300956934690,0.003160446882,1.000000000000,1.000000000000,1.000000000000,1.000000000000
246,CAP-V2_050-TPL_02,V2_050,SEM-FC6C9490A1241F7A,ood_pattern,circles_concentric,ocre_marron_negro,círculos concéntricos,radial,central,radial,bajo,TPL_02,false,246,49,4,V2_011,0.299203574657,0.275125712156,-0.024077862501,0.000000000000,1.000000000000,0.250000000000,0.430676558073
247,CAP-V2_050-TPL_03,V2_050,SEM-FC6C9490A1241F7A,ood_pattern,circles_concentric,ocre_marron_negro,círculos concéntricos,radial,central,radial,bajo,TPL_03,false,247,49,6,V2_013,0.292651474476,0.273504734039,-0.019146740437,0.000000000000,0.000000000000,0.166666666667,0.356207187108
248,CAP-V2_050-TPL_04,V2_050,SEM-FC6C9490A1241F7A,ood_pattern,circles_concentric,ocre_marron_negro,círculos concéntricos,radial,central,radial,bajo,TPL_04,false,248,49,12,V2_011,0.277869820595,0.243738591671,-0.034131228924,0.000000000000,0.000000000000,0.083333333333,0.000000000000
249,CAP-V2_050-TPL_05,V2_050,SEM-FC6C9490A1241F7A,ood_pattern,circles_concentric,ocre_marron_negro,círculos concéntricos,radial,central,radial,bajo,TPL_05,false,249,49,5,V2_011,0.283355951309,0.267885625362,-0.015470325947,0.000000000000,1.000000000000,0.200000000000,0.386852807235
250,CAP-V2_051-TPL_01,V2_051,SEM-0920FB69B33089FA,ood_pattern,circles_concentric,blanco_negro_gris,círculos concéntricos,radial,central,radial,bajo,TPL_01,true,250,50,1,V2_051,0.307164281607,0.307164281607,0.002846568823,1.000000000000,1.000000000000,1.000000000000,1.000000000000
251,CAP-V2_051-TPL_02,V2_051,SEM-0920FB69B33089FA,ood_pattern,circles_concentric,blanco_negro_gris,círculos concéntricos,radial,central,radial,bajo,TPL_02,false,251,50,3,V2_024,0.291154026985,0.281404465437,-0.009749561548,0.000000000000,1.000000000000,0.333333333333,0.500000000000
252,CAP-V2_051-TPL_03,V2_051,SEM-0920FB69B33089FA,ood_pattern,circles_concentric,blanco_negro_gris,círculos concéntricos,radial,central,radial,bajo,TPL_03,false,252,50,1,V2_051,0.286718845367,0.286718845367,0.009959697723,1.000000000000,1.000000000000,1.000000000000,1.000000000000
253,CAP-V2_051-TPL_04,V2_051,SEM-0920FB69B33089FA,ood_pattern,circles_concentric,blanco_negro_gris,círculos concéntricos,radial,central,radial,bajo,TPL_04,false,253,50,2,V2_024,0.285623818636,0.277237474918,-0.008386343718,0.000000000000,1.000000000000,0.500000000000,0.630929753571
254,CAP-V2_051-TPL_05,V2_051,SEM-0920FB69B33089FA,ood_pattern,circles_concentric,blanco_negro_gris,círculos concéntricos,radial,central,radial,bajo,TPL_05,false,254,50,3,V2_014,0.285645782948,0.276461720467,-0.009184062481,0.000000000000,1.000000000000,0.333333333333,0.500000000000
255,CAP-V2_052-TPL_01,V2_052,SEM-E1BF16D5596893CB,ood_pattern,circles_concentric,multicolor_tierra,círculos concéntricos,radial,central,radial,bajo,TPL_01,true,255,51,2,V2_015,0.342561244965,0.333897471428,-0.008663773537,0.000000000000,1.000000000000,0.500000000000,0.630929753571
256,CAP-V2_052-TPL_02,V2_052,SEM-E1BF16D5596893CB,ood_pattern,circles_concentric,multicolor_tierra,círculos concéntricos,radial,central,radial,bajo,TPL_02,false,256,51,2,V2_015,0.304800808430,0.295676469803,-0.009124338627,0.000000000000,1.000000000000,0.500000000000,0.630929753571
257,CAP-V2_052-TPL_03,V2_052,SEM-E1BF16D5596893CB,ood_pattern,circles_concentric,multicolor_tierra,círculos concéntricos,radial,central,radial,bajo,TPL_03,false,257,51,3,V2_015,0.322682857513,0.304200351238,-0.018482506275,0.000000000000,1.000000000000,0.333333333333,0.500000000000
258,CAP-V2_052-TPL_04,V2_052,SEM-E1BF16D5596893CB,ood_pattern,circles_concentric,multicolor_tierra,círculos concéntricos,radial,central,radial,bajo,TPL_04,false,258,51,4,V2_015,0.312009662390,0.282898366451,-0.029111295938,0.000000000000,1.000000000000,0.250000000000,0.430676558073
259,CAP-V2_052-TPL_05,V2_052,SEM-E1BF16D5596893CB,ood_pattern,circles_concentric,multicolor_tierra,círculos concéntricos,radial,central,radial,bajo,TPL_05,false,259,51,4,V2_015,0.328088462353,0.310167193413,-0.017921268940,0.000000000000,1.000000000000,0.250000000000,0.430676558073
260,CAP-V2_053-TPL_01,V2_053,SEM-20B860903E0F0C0C,ood_both,chevrons_diagonal,verde_ocre_crema,chevrones,diagonal,bandas,repetitiva,medio,TPL_01,true,260,52,4,V2_035,0.351198017597,0.338127553463,-0.013070464134,0.000000000000,1.000000000000,0.250000000000,0.430676558073
261,CAP-V2_053-TPL_02,V2_053,SEM-20B860903E0F0C0C,ood_both,chevrons_diagonal,verde_ocre_crema,chevrones,diagonal,bandas,repetitiva,medio,TPL_02,false,261,52,7,V2_041,0.350341618061,0.274742454290,-0.075599163771,0.000000000000,0.000000000000,0.142857142857,0.333333333333
262,CAP-V2_053-TPL_03,V2_053,SEM-20B860903E0F0C0C,ood_both,chevrons_diagonal,verde_ocre_crema,chevrones,diagonal,bandas,repetitiva,medio,TPL_03,false,262,52,4,V2_041,0.374577313662,0.317126452923,-0.057450860739,0.000000000000,1.000000000000,0.250000000000,0.430676558073
263,CAP-V2_053-TPL_04,V2_053,SEM-20B860903E0F0C0C,ood_both,chevrons_diagonal,verde_ocre_crema,chevrones,diagonal,bandas,repetitiva,medio,TPL_04,false,263,52,4,V2_041,0.324654102325,0.293785631657,-0.030868470669,0.000000000000,1.000000000000,0.250000000000,0.430676558073
264,CAP-V2_053-TPL_05,V2_053,SEM-20B860903E0F0C0C,ood_both,chevrons_diagonal,verde_ocre_crema,chevrones,diagonal,bandas,repetitiva,medio,TPL_05,false,264,52,4,V2_035,0.346079230309,0.340778529644,-0.005300700665,0.000000000000,1.000000000000,0.250000000000,0.430676558073
265,CAP-V2_054-TPL_01,V2_054,SEM-C4C38215AF96E506,ood_both,chevrons_diagonal,morado_gris_rosa,chevrones,diagonal,bandas,repetitiva,medio,TPL_01,true,265,53,5,V2_036,0.353700101376,0.314999639988,-0.038700461388,0.000000000000,1.000000000000,0.200000000000,0.386852807235
266,CAP-V2_054-TPL_02,V2_054,SEM-C4C38215AF96E506,ood_both,chevrons_diagonal,morado_gris_rosa,chevrones,diagonal,bandas,repetitiva,medio,TPL_02,false,266,53,6,V2_036,0.342112869024,0.264278113842,-0.077834755182,0.000000000000,0.000000000000,0.166666666667,0.356207187108
267,CAP-V2_054-TPL_03,V2_054,SEM-C4C38215AF96E506,ood_both,chevrons_diagonal,morado_gris_rosa,chevrones,diagonal,bandas,repetitiva,medio,TPL_03,false,267,53,6,V2_042,0.350639373064,0.300649344921,-0.049990028143,0.000000000000,0.000000000000,0.166666666667,0.356207187108
268,CAP-V2_054-TPL_04,V2_054,SEM-C4C38215AF96E506,ood_both,chevrons_diagonal,morado_gris_rosa,chevrones,diagonal,bandas,repetitiva,medio,TPL_04,false,268,53,6,V2_036,0.333063334227,0.281111866236,-0.051951467991,0.000000000000,0.000000000000,0.166666666667,0.356207187108
269,CAP-V2_054-TPL_05,V2_054,SEM-C4C38215AF96E506,ood_both,chevrons_diagonal,morado_gris_rosa,chevrones,diagonal,bandas,repetitiva,medio,TPL_05,false,269,53,5,V2_036,0.353218019009,0.323630839586,-0.029587179422,0.000000000000,1.000000000000,0.200000000000,0.386852807235
270,CAP-V2_055-TPL_01,V2_055,SEM-B3C4DB2C1AD51CA9,ood_both,circles_concentric,verde_ocre_crema,círculos concéntricos,radial,central,radial,bajo,TPL_01,true,270,54,1,V2_055,0.349800050259,0.349800050259,0.028850257397,1.000000000000,1.000000000000,1.000000000000,1.000000000000
271,CAP-V2_055-TPL_02,V2_055,SEM-B3C4DB2C1AD51CA9,ood_both,circles_concentric,verde_ocre_crema,círculos concéntricos,radial,central,radial,bajo,TPL_02,false,271,54,1,V2_055,0.326902806759,0.326902806759,0.017136335373,1.000000000000,1.000000000000,1.000000000000,1.000000000000
272,CAP-V2_055-TPL_03,V2_055,SEM-B3C4DB2C1AD51CA9,ood_both,circles_concentric,verde_ocre_crema,círculos concéntricos,radial,central,radial,bajo,TPL_03,false,272,54,1,V2_055,0.321671247482,0.321671247482,0.010356545448,1.000000000000,1.000000000000,1.000000000000,1.000000000000
273,CAP-V2_055-TPL_04,V2_055,SEM-B3C4DB2C1AD51CA9,ood_both,circles_concentric,verde_ocre_crema,círculos concéntricos,radial,central,radial,bajo,TPL_04,false,273,54,1,V2_055,0.294609069824,0.294609069824,0.005690604448,1.000000000000,1.000000000000,1.000000000000,1.000000000000
274,CAP-V2_055-TPL_05,V2_055,SEM-B3C4DB2C1AD51CA9,ood_both,circles_concentric,verde_ocre_crema,círculos concéntricos,radial,central,radial,bajo,TPL_05,false,274,54,1,V2_055,0.329168707132,0.329168707132,0.014873951674,1.000000000000,1.000000000000,1.000000000000,1.000000000000
275,CAP-V2_056-TPL_01,V2_056,SEM-1076CAB99B86DF83,ood_both,circles_concentric,morado_gris_rosa,círculos concéntricos,radial,central,radial,bajo,TPL_01,true,275,55,1,V2_056,0.348027378321,0.348027378321,0.023250490427,1.000000000000,1.000000000000,1.000000000000,1.000000000000
276,CAP-V2_056-TPL_02,V2_056,SEM-1076CAB99B86DF83,ood_both,circles_concentric,morado_gris_rosa,círculos concéntricos,radial,central,radial,bajo,TPL_02,false,276,55,1,V2_056,0.335076332092,0.335076332092,0.019711077213,1.000000000000,1.000000000000,1.000000000000,1.000000000000
277,CAP-V2_056-TPL_03,V2_056,SEM-1076CAB99B86DF83,ood_both,circles_concentric,morado_gris_rosa,círculos concéntricos,radial,central,radial,bajo,TPL_03,false,277,55,1,V2_056,0.335884332657,0.335884332657,0.024852931499,1.000000000000,1.000000000000,1.000000000000,1.000000000000
278,CAP-V2_056-TPL_04,V2_056,SEM-1076CAB99B86DF83,ood_both,circles_concentric,morado_gris_rosa,círculos concéntricos,radial,central,radial,bajo,TPL_04,false,278,55,1,V2_056,0.303581058979,0.303581058979,0.014796257019,1.000000000000,1.000000000000,1.000000000000,1.000000000000
279,CAP-V2_056-TPL_05,V2_056,SEM-1076CAB99B86DF83,ood_both,circles_concentric,morado_gris_rosa,círculos concéntricos,radial,central,radial,bajo,TPL_05,false,279,55,1,V2_056,0.332030206919,0.332030206919,0.018728673458,1.000000000000,1.000000000000,1.000000000000,1.000000000000
