comparison_id,minuend,subtrahend,group_index,colorless_caption_id,structure_id,template_id,is_canonical,regime,delta_structural_hit_at_1,delta_structural_hit_at_5,delta_structural_fractional_recall_at_5,delta_structural_mrr,delta_structural_ndcg_at_10,delta_best_relevant_margin
grayscale_effect_with_full_caption,grayscale_image_full_caption,original_image_full_caption,0,SCAP-A3FE31524DCA0243-TPL_01,STR-A3FE31524DCA0243,TPL_01,true,base_pattern,-0.142857142857,0.000000000000,0.224489795918,-0.059523809523,0.267605533880,0.005183884075
grayscale_effect_with_full_caption,grayscale_image_full_caption,original_image_full_caption,1,SCAP-A3FE31524DCA0243-TPL_02,STR-A3FE31524DCA0243,TPL_02,false,base_pattern,0.000000000000,-1.000000000000,-0.142857142857,-0.243635332921,-0.055859827107,-0.005783789924
grayscale_effect_with_full_caption,grayscale_image_full_caption,original_image_full_caption,2,SCAP-A3FE31524DCA0243-TPL_03,STR-A3FE31524DCA0243,TPL_03,false,base_pattern,0.000000000000,-1.000000000000,-0.142857142857,-0.183441558442,0.001274506334,-0.000173919968
grayscale_effect_with_full_caption,grayscale_image_full_caption,original_image_full_caption,3,SCAP-A3FE31524DCA0243-TPL_04,STR-A3FE31524DCA0243,TPL_04,false,base_pattern,0.000000000000,0.000000000000,0.204081632653,-0.035714285715,0.265533729386,0.006665146777
grayscale_effect_with_full_caption,grayscale_image_full_caption,original_image_full_caption,4,SCAP-A3FE31524DCA0243-TPL_05,STR-A3FE31524DCA0243,TPL_05,false,base_pattern,0.000000000000,0.000000000000,0.326530612245,-0.023809523809,0.364538553104,0.000500781195
grayscale_effect_with_full_caption,grayscale_image_full_caption,original_image_full_caption,5,SCAP-390DD4719A974C7E-TPL_01,STR-390DD4719A974C7E,TPL_01,true,base_pattern,0.142857142857,-0.428571428571,0.020408163265,-0.080890538033,0.088440216887,-0.006350176675
grayscale_effect_with_full_caption,grayscale_image_full_caption,original_image_full_caption,6,SCAP-390DD4719A974C7E-TPL_02,STR-390DD4719A974C7E,TPL_02,false,base_pattern,0.000000000000,-0.857142857143,-0.102040816326,-0.202201559279,-0.101354541602,-0.013035761459
grayscale_effect_with_full_caption,grayscale_image_full_caption,original_image_full_caption,7,SCAP-390DD4719A974C7E-TPL_03,STR-390DD4719A974C7E,TPL_03,false,base_pattern,-0.142857142857,-0.857142857143,-0.122448979592,-0.306460008245,-0.120172913841,-0.010667724269
grayscale_effect_with_full_caption,grayscale_image_full_caption,original_image_full_caption,8,SCAP-390DD4719A974C7E-TPL_04,STR-390DD4719A974C7E,TPL_04,false,base_pattern,0.000000000000,-0.857142857143,-0.122448979592,-0.208009640088,-0.120521474330,-0.005555206112
grayscale_effect_with_full_caption,grayscale_image_full_caption,original_image_full_caption,9,SCAP-390DD4719A974C7E-TPL_05,STR-390DD4719A974C7E,TPL_05,false,base_pattern,-0.428571428571,-0.714285714286,-0.040816326530,-0.425428737928,-0.150906145081,-0.013081484607
grayscale_effect_with_full_caption,grayscale_image_full_caption,original_image_full_caption,10,SCAP-83B17E3514D80A83-TPL_01,STR-83B17E3514D80A83,TPL_01,true,base_pattern,0.142857142857,0.000000000000,0.306122448979,0.071428571429,0.295283844924,-0.011796250940
grayscale_effect_with_full_caption,grayscale_image_full_caption,original_image_full_caption,11,SCAP-83B17E3514D80A83-TPL_02,STR-83B17E3514D80A83,TPL_02,false,base_pattern,-0.571428571429,-0.285714285714,0.000000000000,-0.490136054422,0.027003313001,-0.019020936319
grayscale_effect_with_full_caption,grayscale_image_full_caption,original_image_full_caption,12,SCAP-83B17E3514D80A83-TPL_03,STR-83B17E3514D80A83,TPL_03,false,base_pattern,-0.714285714286,-0.285714285714,-0.040816326531,-0.540306122449,0.015224278830,-0.025096016271
grayscale_effect_with_full_caption,grayscale_image_full_caption,original_image_full_caption,13,SCAP-83B17E3514D80A83-TPL_04,STR-83B17E3514D80A83,TPL_04,false,base_pattern,-0.142857142857,0.000000000000,0.081632653061,-0.095238095238,0.097850822958,-0.023245660322
grayscale_effect_with_full_caption,grayscale_image_full_caption,original_image_full_caption,14,SCAP-83B17E3514D80A83-TPL_05,STR-83B17E3514D80A83,TPL_05,false,base_pattern,-0.857142857143,-0.142857142857,0.000000000000,-0.619047619048,-0.049550261478,-0.012126090271
grayscale_effect_with_full_caption,grayscale_image_full_caption,original_image_full_caption,15,SCAP-32D96D397FD7BD30-TPL_01,STR-32D96D397FD7BD30,TPL_01,true,base_pattern,0.000000000000,-0.571428571429,-0.081632653061,-0.133524286908,-0.153869762211,-0.006696988429
grayscale_effect_with_full_caption,grayscale_image_full_caption,original_image_full_caption,16,SCAP-32D96D397FD7BD30-TPL_02,STR-32D96D397FD7BD30,TPL_02,false,base_pattern,0.000000000000,-0.714285714286,-0.102040816326,-0.160751351822,-0.093544421993,-0.000285723380
grayscale_effect_with_full_caption,grayscale_image_full_caption,original_image_full_caption,17,SCAP-32D96D397FD7BD30-TPL_03,STR-32D96D397FD7BD30,TPL_03,false,base_pattern,0.000000000000,-0.857142857143,-0.122448979592,-0.240079365079,-0.022905096905,-0.007892663990
grayscale_effect_with_full_caption,grayscale_image_full_caption,original_image_full_caption,18,SCAP-32D96D397FD7BD30-TPL_04,STR-32D96D397FD7BD30,TPL_04,false,base_pattern,0.000000000000,-1.000000000000,-0.142857142857,-0.174485776202,-0.172421455251,-0.012612506748
grayscale_effect_with_full_caption,grayscale_image_full_caption,original_image_full_caption,19,SCAP-32D96D397FD7BD30-TPL_05,STR-32D96D397FD7BD30,TPL_05,false,base_pattern,0.000000000000,-0.428571428572,-0.061224489796,-0.109759288330,-0.121456532867,-0.001683829086
grayscale_effect_with_full_caption,grayscale_image_full_caption,original_image_full_caption,20,SCAP-EFDC071AF166C8C3-TPL_01,STR-EFDC071AF166C8C3,TPL_01,true,base_pattern,0.000000000000,-0.428571428572,0.000000000000,-0.132730636114,0.021065590954,0.016805587071
grayscale_effect_with_full_caption,grayscale_image_full_caption,original_image_full_caption,21,SCAP-EFDC071AF166C8C3-TPL_02,STR-EFDC071AF166C8C3,TPL_02,false,base_pattern,0.142857142857,-0.428571428572,-0.061224489796,-0.032553557553,-0.035844191943,0.014066097992
grayscale_effect_with_full_caption,grayscale_image_full_caption,original_image_full_caption,22,SCAP-EFDC071AF166C8C3-TPL_03,STR-EFDC071AF166C8C3,TPL_03,false,base_pattern,0.000000000000,-0.428571428572,-0.061224489796,-0.128200642298,-0.071204114325,0.009984169687
grayscale_effect_with_full_caption,grayscale_image_full_caption,original_image_full_caption,23,SCAP-EFDC071AF166C8C3-TPL_04,STR-EFDC071AF166C8C3,TPL_04,false,base_pattern,0.571428571429,0.000000000000,0.204081632654,0.310515873016,0.338333974134,0.033377890076
grayscale_effect_with_full_caption,grayscale_image_full_caption,original_image_full_caption,24,SCAP-EFDC071AF166C8C3-TPL_05,STR-EFDC071AF166C8C3,TPL_05,false,base_pattern,0.000000000000,-0.142857142858,0.000000000000,-0.096056393572,-0.036564354328,0.008728725570
grayscale_effect_with_full_caption,grayscale_image_full_caption,original_image_full_caption,25,SCAP-7193EBD1DE12399C-TPL_01,STR-7193EBD1DE12399C,TPL_01,true,base_pattern,0.428571428571,-0.142857142857,0.081632653062,0.313453866395,0.137492191926,0.027157153402
grayscale_effect_with_full_caption,grayscale_image_full_caption,original_image_full_caption,26,SCAP-7193EBD1DE12399C-TPL_02,STR-7193EBD1DE12399C,TPL_02,false,base_pattern,0.428571428572,0.000000000000,0.306122448980,0.238095238095,0.412796897259,0.014301376683
grayscale_effect_with_full_caption,grayscale_image_full_caption,original_image_full_caption,27,SCAP-7193EBD1DE12399C-TPL_03,STR-7193EBD1DE12399C,TPL_03,false,base_pattern,0.714285714286,0.000000000000,0.387755102041,0.380952380952,0.443563587145,0.019377614771
grayscale_effect_with_full_caption,grayscale_image_full_caption,original_image_full_caption,28,SCAP-7193EBD1DE12399C-TPL_04,STR-7193EBD1DE12399C,TPL_04,false,base_pattern,0.285714285714,-0.571428571429,0.040816326531,0.024886621315,0.074912050269,0.009951944862
grayscale_effect_with_full_caption,grayscale_image_full_caption,original_image_full_caption,29,SCAP-7193EBD1DE12399C-TPL_05,STR-7193EBD1DE12399C,TPL_05,false,base_pattern,0.142857142857,-0.142857142857,0.081632653062,0.037159863945,0.078872995508,0.011653010334
grayscale_effect_with_full_caption,grayscale_image_full_caption,original_image_full_caption,30,SCAP-DBE3E9729199A70D-TPL_01,STR-DBE3E9729199A70D,TPL_01,true,heldout_pattern,0.000000000000,-0.857142857143,-0.122448979592,-0.095865245865,-0.068958139380,0.027599622097
grayscale_effect_with_full_caption,grayscale_image_full_caption,original_image_full_caption,31,SCAP-DBE3E9729199A70D-TPL_02,STR-DBE3E9729199A70D,TPL_02,false,heldout_pattern,0.000000000000,0.000000000000,0.000000000000,-0.079561920728,-0.051285459922,0.002889308546
grayscale_effect_with_full_caption,grayscale_image_full_caption,original_image_full_caption,32,SCAP-DBE3E9729199A70D-TPL_03,STR-DBE3E9729199A70D,TPL_03,false,heldout_pattern,0.000000000000,-0.142857142857,-0.020408163265,-0.086387505774,-0.082416658814,0.006675236992
grayscale_effect_with_full_caption,grayscale_image_full_caption,original_image_full_caption,33,SCAP-DBE3E9729199A70D-TPL_04,STR-DBE3E9729199A70D,TPL_04,false,heldout_pattern,0.000000000000,-0.142857142857,-0.020408163265,-0.087832526951,-0.068898946889,0.020506477782
grayscale_effect_with_full_caption,grayscale_image_full_caption,original_image_full_caption,34,SCAP-DBE3E9729199A70D-TPL_05,STR-DBE3E9729199A70D,TPL_05,false,heldout_pattern,0.285714285714,0.428571428572,0.061224489796,0.358333333334,0.079245969940,0.024779277188
grayscale_effect_with_full_caption,grayscale_image_full_caption,original_image_full_caption,35,SCAP-74979A46916B9B50-TPL_01,STR-74979A46916B9B50,TPL_01,true,heldout_pattern,0.285714285714,0.000000000000,0.367346938776,0.142857142857,0.403693487794,0.025901617749
grayscale_effect_with_full_caption,grayscale_image_full_caption,original_image_full_caption,36,SCAP-74979A46916B9B50-TPL_02,STR-74979A46916B9B50,TPL_02,false,heldout_pattern,0.428571428572,0.000000000000,0.387755102041,0.261904761904,0.431992851275,0.019168204494
grayscale_effect_with_full_caption,grayscale_image_full_caption,original_image_full_caption,37,SCAP-74979A46916B9B50-TPL_03,STR-74979A46916B9B50,TPL_03,false,heldout_pattern,0.428571428571,0.142857142857,0.448979591837,0.285714285714,0.528981716544,0.026224300266
grayscale_effect_with_full_caption,grayscale_image_full_caption,original_image_full_caption,38,SCAP-74979A46916B9B50-TPL_04,STR-74979A46916B9B50,TPL_04,false,heldout_pattern,0.000000000000,0.000000000000,-0.020408163265,0.016666666667,-0.015309871910,0.002710287060
grayscale_effect_with_full_caption,grayscale_image_full_caption,original_image_full_caption,39,SCAP-74979A46916B9B50-TPL_05,STR-74979A46916B9B50,TPL_05,false,heldout_pattern,0.714285714286,0.000000000000,0.387755102041,0.380952380952,0.533719774238,0.018623109374
remove_text_color_with_original_image,original_image_caption_without_color,original_image_full_caption,0,SCAP-A3FE31524DCA0243-TPL_01,STR-A3FE31524DCA0243,TPL_01,true,base_pattern,-0.285714285714,-1.000000000000,-0.142857142857,-0.428571428571,-0.066814256052,-0.001240230033
remove_text_color_with_original_image,original_image_caption_without_color,original_image_full_caption,1,SCAP-A3FE31524DCA0243-TPL_02,STR-A3FE31524DCA0243,TPL_02,false,base_pattern,0.000000000000,-1.000000000000,-0.142857142857,-0.309523809524,-0.153627496956,-0.033938997558
remove_text_color_with_original_image,original_image_caption_without_color,original_image_full_caption,2,SCAP-A3FE31524DCA0243-TPL_03,STR-A3FE31524DCA0243,TPL_03,false,base_pattern,0.000000000000,-1.000000000000,-0.142857142857,-0.243557422969,-0.130272900896,-0.006762472647
remove_text_color_with_original_image,original_image_caption_without_color,original_image_full_caption,3,SCAP-A3FE31524DCA0243-TPL_04,STR-A3FE31524DCA0243,TPL_04,false,base_pattern,-0.428571428571,-1.000000000000,-0.142857142857,-0.523809523810,-0.177205613602,-0.009602235896
remove_text_color_with_original_image,original_image_caption_without_color,original_image_full_caption,4,SCAP-A3FE31524DCA0243-TPL_05,STR-A3FE31524DCA0243,TPL_05,false,base_pattern,-0.714285714286,0.000000000000,0.142857142857,-0.333333333333,0.263120026168,-0.008212068251
remove_text_color_with_original_image,original_image_caption_without_color,original_image_full_caption,5,SCAP-390DD4719A974C7E-TPL_01,STR-390DD4719A974C7E,TPL_01,true,base_pattern,-0.142857142857,-1.000000000000,-0.142857142857,-0.457142857142,-0.288922995172,-0.022757513182
remove_text_color_with_original_image,original_image_caption_without_color,original_image_full_caption,6,SCAP-390DD4719A974C7E-TPL_02,STR-390DD4719A974C7E,TPL_02,false,base_pattern,0.000000000000,-1.000000000000,-0.142857142857,-0.277950310558,-0.145763944951,-0.035354793072
remove_text_color_with_original_image,original_image_caption_without_color,original_image_full_caption,7,SCAP-390DD4719A974C7E-TPL_03,STR-390DD4719A974C7E,TPL_03,false,base_pattern,-0.142857142857,-1.000000000000,-0.142857142857,-0.330158730158,-0.158535739808,-0.011261454650
remove_text_color_with_original_image,original_image_caption_without_color,original_image_full_caption,8,SCAP-390DD4719A974C7E-TPL_04,STR-390DD4719A974C7E,TPL_04,false,base_pattern,0.000000000000,-1.000000000000,-0.142857142857,-0.262980030722,-0.151420862659,-0.019381857344
remove_text_color_with_original_image,original_image_caption_without_color,original_image_full_caption,9,SCAP-390DD4719A974C7E-TPL_05,STR-390DD4719A974C7E,TPL_05,false,base_pattern,-0.428571428571,-1.000000000000,-0.163265306122,-0.464285714285,-0.129364813917,-0.002876443522
remove_text_color_with_original_image,original_image_caption_without_color,original_image_full_caption,10,SCAP-83B17E3514D80A83-TPL_01,STR-83B17E3514D80A83,TPL_01,true,base_pattern,0.142857142857,0.000000000000,0.530612244898,0.071428571429,0.605758738101,0.006608056170
remove_text_color_with_original_image,original_image_caption_without_color,original_image_full_caption,11,SCAP-83B17E3514D80A83-TPL_02,STR-83B17E3514D80A83,TPL_02,false,base_pattern,-0.714285714286,0.000000000000,0.102040816326,-0.523809523810,0.147554840313,-0.018318125180
remove_text_color_with_original_image,original_image_caption_without_color,original_image_full_caption,12,SCAP-83B17E3514D80A83-TPL_03,STR-83B17E3514D80A83,TPL_03,false,base_pattern,-0.857142857143,0.000000000000,0.102040816326,-0.678571428571,0.121970253353,-0.022813665016
remove_text_color_with_original_image,original_image_caption_without_color,original_image_full_caption,13,SCAP-83B17E3514D80A83-TPL_04,STR-83B17E3514D80A83,TPL_04,false,base_pattern,-1.000000000000,0.000000000000,0.081632653061,-0.500000000000,0.031694434472,-0.037114967192
remove_text_color_with_original_image,original_image_caption_without_color,original_image_full_caption,14,SCAP-83B17E3514D80A83-TPL_05,STR-83B17E3514D80A83,TPL_05,false,base_pattern,0.142857142857,0.000000000000,0.530612244898,0.095238095238,0.557348479816,0.003669189555
remove_text_color_with_original_image,original_image_caption_without_color,original_image_full_caption,15,SCAP-32D96D397FD7BD30-TPL_01,STR-32D96D397FD7BD30,TPL_01,true,base_pattern,0.000000000000,0.428571428571,0.061224489796,0.291496598639,0.005570334013,0.015537285379
remove_text_color_with_original_image,original_image_caption_without_color,original_image_full_caption,16,SCAP-32D96D397FD7BD30-TPL_02,STR-32D96D397FD7BD30,TPL_02,false,base_pattern,0.000000000000,-0.714285714286,-0.102040816326,-0.121825396825,0.108931783411,0.001049007688
remove_text_color_with_original_image,original_image_caption_without_color,original_image_full_caption,17,SCAP-32D96D397FD7BD30-TPL_03,STR-32D96D397FD7BD30,TPL_03,false,base_pattern,0.000000000000,-1.000000000000,-0.142857142857,-0.260714285714,0.064706392870,0.007447059665
remove_text_color_with_original_image,original_image_caption_without_color,original_image_full_caption,18,SCAP-32D96D397FD7BD30-TPL_04,STR-32D96D397FD7BD30,TPL_04,false,base_pattern,0.000000000000,0.000000000000,0.285714285714,0.271428571429,0.256827161150,0.026682195919
remove_text_color_with_original_image,original_image_caption_without_color,original_image_full_caption,19,SCAP-32D96D397FD7BD30-TPL_05,STR-32D96D397FD7BD30,TPL_05,false,base_pattern,0.000000000000,0.142857142857,0.020408163265,0.226190476191,0.195117084678,0.014960352864
remove_text_color_with_original_image,original_image_caption_without_color,original_image_full_caption,20,SCAP-EFDC071AF166C8C3-TPL_01,STR-EFDC071AF166C8C3,TPL_01,true,base_pattern,0.000000000000,-0.857142857143,-0.122448979592,-0.260884353741,-0.146530084513,0.005580448679
remove_text_color_with_original_image,original_image_caption_without_color,original_image_full_caption,21,SCAP-EFDC071AF166C8C3-TPL_02,STR-EFDC071AF166C8C3,TPL_02,false,base_pattern,0.000000000000,-0.571428571429,-0.081632653061,-0.166558441558,-0.102189149453,0.008293147598
remove_text_color_with_original_image,original_image_caption_without_color,original_image_full_caption,22,SCAP-EFDC071AF166C8C3-TPL_03,STR-EFDC071AF166C8C3,TPL_03,false,base_pattern,0.000000000000,-0.571428571429,-0.081632653061,-0.162496816908,-0.099466953238,0.011530522789
remove_text_color_with_original_image,original_image_caption_without_color,original_image_full_caption,23,SCAP-EFDC071AF166C8C3-TPL_04,STR-EFDC071AF166C8C3,TPL_04,false,base_pattern,0.000000000000,-0.714285714286,-0.102040816326,-0.214285714286,-0.074501853220,0.023408283080
remove_text_color_with_original_image,original_image_caption_without_color,original_image_full_caption,24,SCAP-EFDC071AF166C8C3-TPL_05,STR-EFDC071AF166C8C3,TPL_05,false,base_pattern,0.000000000000,-0.571428571429,-0.081632653061,-0.203648125917,-0.143024896365,0.008538937994
remove_text_color_with_original_image,original_image_caption_without_color,original_image_full_caption,25,SCAP-7193EBD1DE12399C-TPL_01,STR-7193EBD1DE12399C,TPL_01,true,base_pattern,0.000000000000,0.285714285714,0.040816326531,-0.023809523810,0.051624533150,0.025232936654
remove_text_color_with_original_image,original_image_caption_without_color,original_image_full_caption,26,SCAP-7193EBD1DE12399C-TPL_02,STR-7193EBD1DE12399C,TPL_02,false,base_pattern,0.571428571429,0.000000000000,0.448979591837,0.309523809524,0.452849131214,0.025102210896
remove_text_color_with_original_image,original_image_caption_without_color,original_image_full_caption,27,SCAP-7193EBD1DE12399C-TPL_03,STR-7193EBD1DE12399C,TPL_03,false,base_pattern,0.857142857143,0.000000000000,0.408163265307,0.452380952381,0.418819110183,0.017654521125
remove_text_color_with_original_image,original_image_caption_without_color,original_image_full_caption,28,SCAP-7193EBD1DE12399C-TPL_04,STR-7193EBD1DE12399C,TPL_04,false,base_pattern,1.000000000000,0.000000000000,0.285714285714,0.645238095238,0.536496995521,0.031429454684
remove_text_color_with_original_image,original_image_caption_without_color,original_image_full_caption,29,SCAP-7193EBD1DE12399C-TPL_05,STR-7193EBD1DE12399C,TPL_05,false,base_pattern,0.857142857143,0.285714285714,0.326530612245,0.645238095238,0.478190223526,0.027721813747
remove_text_color_with_original_image,original_image_caption_without_color,original_image_full_caption,30,SCAP-DBE3E9729199A70D-TPL_01,STR-DBE3E9729199A70D,TPL_01,true,heldout_pattern,0.000000000000,-0.857142857143,-0.122448979592,-0.096031746032,-0.037301025821,0.023248672486
remove_text_color_with_original_image,original_image_caption_without_color,original_image_full_caption,31,SCAP-DBE3E9729199A70D-TPL_02,STR-DBE3E9729199A70D,TPL_02,false,heldout_pattern,0.000000000000,0.000000000000,0.000000000000,-0.079510127609,-0.051285459922,-0.006786065442
remove_text_color_with_original_image,original_image_caption_without_color,original_image_full_caption,32,SCAP-DBE3E9729199A70D-TPL_03,STR-DBE3E9729199A70D,TPL_03,false,heldout_pattern,0.000000000000,-0.142857142857,-0.020408163265,-0.101422387137,-0.082416658814,0.018255361489
remove_text_color_with_original_image,original_image_caption_without_color,original_image_full_caption,33,SCAP-DBE3E9729199A70D-TPL_04,STR-DBE3E9729199A70D,TPL_04,false,heldout_pattern,0.000000000000,-0.142857142857,-0.020408163265,-0.098356009071,-0.068898946889,0.023451060057
remove_text_color_with_original_image,original_image_caption_without_color,original_image_full_caption,34,SCAP-DBE3E9729199A70D-TPL_05,STR-DBE3E9729199A70D,TPL_05,false,heldout_pattern,0.000000000000,0.571428571429,0.081632653061,0.316666666667,0.127026769911,0.028093035732
remove_text_color_with_original_image,original_image_caption_without_color,original_image_full_caption,35,SCAP-74979A46916B9B50-TPL_01,STR-74979A46916B9B50,TPL_01,true,heldout_pattern,0.285714285714,0.000000000000,0.387755102041,0.142857142857,0.434078769618,0.034579517586
remove_text_color_with_original_image,original_image_caption_without_color,original_image_full_caption,36,SCAP-74979A46916B9B50-TPL_02,STR-74979A46916B9B50,TPL_02,false,heldout_pattern,0.571428571429,0.000000000000,0.510204081633,0.333333333333,0.553164001439,0.056020732436
remove_text_color_with_original_image,original_image_caption_without_color,original_image_full_caption,37,SCAP-74979A46916B9B50-TPL_03,STR-74979A46916B9B50,TPL_03,false,heldout_pattern,0.428571428571,0.142857142857,0.510204081633,0.285714285714,0.568024612169,0.066865026951
remove_text_color_with_original_image,original_image_caption_without_color,original_image_full_caption,38,SCAP-74979A46916B9B50-TPL_04,STR-74979A46916B9B50,TPL_04,false,heldout_pattern,0.571428571429,0.000000000000,0.489795918368,0.369047619048,0.627370958573,0.060304867370
remove_text_color_with_original_image,original_image_caption_without_color,original_image_full_caption,39,SCAP-74979A46916B9B50-TPL_05,STR-74979A46916B9B50,TPL_05,false,heldout_pattern,0.714285714286,0.000000000000,0.530612244898,0.380952380952,0.620014066174,0.054036127669
remove_text_color_with_grayscale_image,grayscale_image_caption_without_color,grayscale_image_full_caption,0,SCAP-A3FE31524DCA0243-TPL_01,STR-A3FE31524DCA0243,TPL_01,true,base_pattern,0.857142857143,0.000000000000,0.061224489796,0.488095238095,0.167495690824,0.011883899570
remove_text_color_with_grayscale_image,grayscale_image_caption_without_color,grayscale_image_full_caption,1,SCAP-A3FE31524DCA0243-TPL_02,STR-A3FE31524DCA0243,TPL_02,false,base_pattern,0.000000000000,0.000000000000,0.000000000000,-0.002396413111,-0.015021648544,0.009659543633
remove_text_color_with_grayscale_image,grayscale_image_caption_without_color,grayscale_image_full_caption,2,SCAP-A3FE31524DCA0243-TPL_03,STR-A3FE31524DCA0243,TPL_03,false,base_pattern,0.000000000000,1.000000000000,0.142857142857,0.214393939394,0.085347838660,0.023273433958
remove_text_color_with_grayscale_image,grayscale_image_caption_without_color,grayscale_image_full_caption,3,SCAP-A3FE31524DCA0243-TPL_04,STR-A3FE31524DCA0243,TPL_04,false,base_pattern,0.571428571429,0.000000000000,0.224489795919,0.369047619048,0.418799344201,0.017385682889
remove_text_color_with_grayscale_image,grayscale_image_caption_without_color,grayscale_image_full_caption,4,SCAP-A3FE31524DCA0243-TPL_05,STR-A3FE31524DCA0243,TPL_05,false,base_pattern,0.285714285714,0.000000000000,0.102040816327,0.190476190476,0.200215154628,-0.000316104718
remove_text_color_with_grayscale_image,grayscale_image_caption_without_color,grayscale_image_full_caption,5,SCAP-390DD4719A974C7E-TPL_01,STR-390DD4719A974C7E,TPL_01,true,base_pattern,-0.285714285714,-0.571428571429,-0.163265306122,-0.371490414347,-0.377363212059,-0.021078299199
remove_text_color_with_grayscale_image,grayscale_image_caption_without_color,grayscale_image_full_caption,6,SCAP-390DD4719A974C7E-TPL_02,STR-390DD4719A974C7E,TPL_02,false,base_pattern,0.000000000000,-0.142857142857,-0.040816326531,-0.083512726435,-0.044409403349,0.002567636116
remove_text_color_with_grayscale_image,grayscale_image_caption_without_color,grayscale_image_full_caption,7,SCAP-390DD4719A974C7E-TPL_03,STR-390DD4719A974C7E,TPL_03,false,base_pattern,0.000000000000,-0.142857142857,-0.020408163265,-0.029254277469,-0.038362825967,0.016335270235
remove_text_color_with_grayscale_image,grayscale_image_caption_without_color,grayscale_image_full_caption,8,SCAP-390DD4719A974C7E-TPL_04,STR-390DD4719A974C7E,TPL_04,false,base_pattern,0.000000000000,-0.142857142857,-0.020408163265,-0.057816690444,-0.030899388329,-0.020140183823
remove_text_color_with_grayscale_image,grayscale_image_caption_without_color,grayscale_image_full_caption,9,SCAP-390DD4719A974C7E-TPL_05,STR-390DD4719A974C7E,TPL_05,false,base_pattern,0.000000000000,-0.285714285714,-0.122448979592,-0.138856976357,-0.155828673619,-0.008820105876
remove_text_color_with_grayscale_image,grayscale_image_caption_without_color,grayscale_image_full_caption,10,SCAP-83B17E3514D80A83-TPL_01,STR-83B17E3514D80A83,TPL_01,true,base_pattern,0.000000000000,0.000000000000,0.081632653062,0.000000000000,0.192092100222,0.003289403660
remove_text_color_with_grayscale_image,grayscale_image_caption_without_color,grayscale_image_full_caption,11,SCAP-83B17E3514D80A83-TPL_02,STR-83B17E3514D80A83,TPL_02,false,base_pattern,0.857142857143,0.285714285714,0.387755102041,0.632993197279,0.362006700943,0.017994178193
remove_text_color_with_grayscale_image,grayscale_image_caption_without_color,grayscale_image_full_caption,12,SCAP-83B17E3514D80A83-TPL_03,STR-83B17E3514D80A83,TPL_03,false,base_pattern,0.857142857143,0.285714285714,0.285714285714,0.611734693878,0.220018734284,0.013566523790
remove_text_color_with_grayscale_image,grayscale_image_caption_without_color,grayscale_image_full_caption,13,SCAP-83B17E3514D80A83-TPL_04,STR-83B17E3514D80A83,TPL_04,false,base_pattern,0.142857142857,0.000000000000,-0.142857142857,0.095238095238,-0.103643997199,-0.007318011352
remove_text_color_with_grayscale_image,grayscale_image_caption_without_color,grayscale_image_full_caption,14,SCAP-83B17E3514D80A83-TPL_05,STR-83B17E3514D80A83,TPL_05,false,base_pattern,1.000000000000,0.142857142857,0.244897959183,0.714285714286,0.315088291350,0.011036385382
remove_text_color_with_grayscale_image,grayscale_image_caption_without_color,grayscale_image_full_caption,15,SCAP-32D96D397FD7BD30-TPL_01,STR-32D96D397FD7BD30,TPL_01,true,base_pattern,0.000000000000,0.000000000000,0.000000000000,0.091687552214,0.083925364586,0.011742708938
remove_text_color_with_grayscale_image,grayscale_image_caption_without_color,grayscale_image_full_caption,16,SCAP-32D96D397FD7BD30-TPL_02,STR-32D96D397FD7BD30,TPL_02,false,base_pattern,0.000000000000,0.000000000000,0.000000000000,0.038925954997,0.123019125971,0.017606858696
remove_text_color_with_grayscale_image,grayscale_image_caption_without_color,grayscale_image_full_caption,17,SCAP-32D96D397FD7BD30-TPL_03,STR-32D96D397FD7BD30,TPL_03,false,base_pattern,0.000000000000,0.857142857143,0.122448979592,0.054365079365,0.027777262879,0.023044175335
remove_text_color_with_grayscale_image,grayscale_image_caption_without_color,grayscale_image_full_caption,18,SCAP-32D96D397FD7BD30-TPL_04,STR-32D96D397FD7BD30,TPL_04,false,base_pattern,0.000000000000,1.000000000000,0.142857142857,0.145914347631,0.106336681030,0.020278138774
remove_text_color_with_grayscale_image,grayscale_image_caption_without_color,grayscale_image_full_caption,19,SCAP-32D96D397FD7BD30-TPL_05,STR-32D96D397FD7BD30,TPL_05,false,base_pattern,0.000000000000,-0.428571428571,-0.061224489796,-0.039050235479,0.055488323441,0.002508374197
remove_text_color_with_grayscale_image,grayscale_image_caption_without_color,grayscale_image_full_caption,20,SCAP-EFDC071AF166C8C3-TPL_01,STR-EFDC071AF166C8C3,TPL_01,true,base_pattern,0.000000000000,0.571428571429,0.020408163265,0.138512949039,0.139302340790,0.015765886221
remove_text_color_with_grayscale_image,grayscale_image_caption_without_color,grayscale_image_full_caption,21,SCAP-EFDC071AF166C8C3-TPL_02,STR-EFDC071AF166C8C3,TPL_02,false,base_pattern,-0.142857142857,-0.142857142857,-0.020408163265,-0.034004884005,0.031567967840,0.023560760276
remove_text_color_with_grayscale_image,grayscale_image_caption_without_color,grayscale_image_full_caption,22,SCAP-EFDC071AF166C8C3-TPL_03,STR-EFDC071AF166C8C3,TPL_03,false,base_pattern,0.000000000000,-0.142857142857,-0.020408163265,-0.002210613113,-0.028262838913,0.022365897894
remove_text_color_with_grayscale_image,grayscale_image_caption_without_color,grayscale_image_full_caption,23,SCAP-EFDC071AF166C8C3-TPL_04,STR-EFDC071AF166C8C3,TPL_04,false,base_pattern,0.428571428571,0.285714285714,0.122448979591,0.332341269841,0.194848855398,0.002381235361
remove_text_color_with_grayscale_image,grayscale_image_caption_without_color,grayscale_image_full_caption,24,SCAP-EFDC071AF166C8C3-TPL_05,STR-EFDC071AF166C8C3,TPL_05,false,base_pattern,0.000000000000,-0.428571428571,-0.081632653061,-0.055304150646,-0.023714520732,0.012773865035
remove_text_color_with_grayscale_image,grayscale_image_caption_without_color,grayscale_image_full_caption,25,SCAP-7193EBD1DE12399C-TPL_01,STR-7193EBD1DE12399C,TPL_01,true,base_pattern,-0.428571428571,-0.571428571429,-0.183673469388,-0.481707834649,-0.283829784111,-0.017151176930
remove_text_color_with_grayscale_image,grayscale_image_caption_without_color,grayscale_image_full_caption,26,SCAP-7193EBD1DE12399C-TPL_02,STR-7193EBD1DE12399C,TPL_02,false,base_pattern,0.142857142857,0.000000000000,0.000000000000,0.071428571429,-0.017928853069,-0.003149543490
remove_text_color_with_grayscale_image,grayscale_image_caption_without_color,grayscale_image_full_caption,27,SCAP-7193EBD1DE12399C-TPL_03,STR-7193EBD1DE12399C,TPL_03,false,base_pattern,0.142857142857,0.000000000000,-0.122448979592,0.071428571429,-0.079436622114,-0.001926136869
remove_text_color_with_grayscale_image,grayscale_image_caption_without_color,grayscale_image_full_caption,28,SCAP-7193EBD1DE12399C-TPL_04,STR-7193EBD1DE12399C,TPL_04,false,base_pattern,-0.285714285714,-0.428571428571,-0.183673469388,-0.296315192744,-0.313695580762,-0.016993667398
remove_text_color_with_grayscale_image,grayscale_image_caption_without_color,grayscale_image_full_caption,29,SCAP-7193EBD1DE12399C-TPL_05,STR-7193EBD1DE12399C,TPL_05,false,base_pattern,-0.285714285714,-0.571428571429,-0.183673469388,-0.333098239295,-0.278050372646,-0.004651082413
remove_text_color_with_grayscale_image,grayscale_image_caption_without_color,grayscale_image_full_caption,30,SCAP-DBE3E9729199A70D-TPL_01,STR-DBE3E9729199A70D,TPL_01,true,heldout_pattern,0.000000000000,0.000000000000,0.000000000000,-0.020368520369,-0.051088907746,-0.002935220089
remove_text_color_with_grayscale_image,grayscale_image_caption_without_color,grayscale_image_full_caption,31,SCAP-DBE3E9729199A70D-TPL_02,STR-DBE3E9729199A70D,TPL_02,false,heldout_pattern,0.000000000000,0.000000000000,0.000000000000,0.000051793119,0.000000000000,0.018036211176
remove_text_color_with_grayscale_image,grayscale_image_caption_without_color,grayscale_image_full_caption,32,SCAP-DBE3E9729199A70D-TPL_03,STR-DBE3E9729199A70D,TPL_03,false,heldout_pattern,0.000000000000,0.000000000000,0.000000000000,-0.015034881363,0.000000000000,0.026909664273
remove_text_color_with_grayscale_image,grayscale_image_caption_without_color,grayscale_image_full_caption,33,SCAP-DBE3E9729199A70D-TPL_04,STR-DBE3E9729199A70D,TPL_04,false,heldout_pattern,0.000000000000,0.000000000000,0.000000000000,0.006143184547,0.000000000000,-0.004654875823
remove_text_color_with_grayscale_image,grayscale_image_caption_without_color,grayscale_image_full_caption,34,SCAP-DBE3E9729199A70D-TPL_05,STR-DBE3E9729199A70D,TPL_05,false,heldout_pattern,0.714285714286,0.142857142857,0.163265306122,0.458333333333,0.277788219355,0.013191976718
remove_text_color_with_grayscale_image,grayscale_image_caption_without_color,grayscale_image_full_caption,35,SCAP-74979A46916B9B50-TPL_01,STR-74979A46916B9B50,TPL_01,true,heldout_pattern,0.000000000000,0.000000000000,0.020408163265,0.000000000000,0.030385281824,-0.006564185023
remove_text_color_with_grayscale_image,grayscale_image_caption_without_color,grayscale_image_full_caption,36,SCAP-74979A46916B9B50-TPL_02,STR-74979A46916B9B50,TPL_02,false,heldout_pattern,0.142857142857,0.000000000000,0.122448979592,0.071428571429,0.109972053308,0.008189965572
remove_text_color_with_grayscale_image,grayscale_image_caption_without_color,grayscale_image_full_caption,37,SCAP-74979A46916B9B50-TPL_03,STR-74979A46916B9B50,TPL_03,false,heldout_pattern,0.000000000000,0.000000000000,0.061224489796,0.000000000000,0.039042895625,0.026766970754
remove_text_color_with_grayscale_image,grayscale_image_caption_without_color,grayscale_image_full_caption,38,SCAP-74979A46916B9B50-TPL_04,STR-74979A46916B9B50,TPL_04,false,heldout_pattern,0.571428571429,0.000000000000,0.510204081633,0.352380952381,0.642680830483,0.028388974922
remove_text_color_with_grayscale_image,grayscale_image_caption_without_color,grayscale_image_full_caption,39,SCAP-74979A46916B9B50-TPL_05,STR-74979A46916B9B50,TPL_05,false,heldout_pattern,0.000000000000,0.000000000000,0.142857142857,0.000000000000,0.086294291936,0.023783094117
remove_visual_and_text_color,grayscale_image_caption_without_color,original_image_full_caption,0,SCAP-A3FE31524DCA0243-TPL_01,STR-A3FE31524DCA0243,TPL_01,true,base_pattern,0.714285714286,0.000000000000,0.285714285714,0.428571428572,0.435101224704,0.017067783645
remove_visual_and_text_color,grayscale_image_caption_without_color,original_image_full_caption,1,SCAP-A3FE31524DCA0243-TPL_02,STR-A3FE31524DCA0243,TPL_02,false,base_pattern,0.000000000000,-1.000000000000,-0.142857142857,-0.246031746032,-0.070881475651,0.003875753709
remove_visual_and_text_color,grayscale_image_caption_without_color,original_image_full_caption,2,SCAP-A3FE31524DCA0243-TPL_03,STR-A3FE31524DCA0243,TPL_03,false,base_pattern,0.000000000000,0.000000000000,0.000000000000,0.030952380952,0.086622344994,0.023099513990
remove_visual_and_text_color,grayscale_image_caption_without_color,original_image_full_caption,3,SCAP-A3FE31524DCA0243-TPL_04,STR-A3FE31524DCA0243,TPL_04,false,base_pattern,0.571428571429,0.000000000000,0.428571428572,0.333333333333,0.684333073587,0.024050829666
remove_visual_and_text_color,grayscale_image_caption_without_color,original_image_full_caption,4,SCAP-A3FE31524DCA0243-TPL_05,STR-A3FE31524DCA0243,TPL_05,false,base_pattern,0.285714285714,0.000000000000,0.428571428572,0.166666666667,0.564753707732,0.000184676477
remove_visual_and_text_color,grayscale_image_caption_without_color,original_image_full_caption,5,SCAP-390DD4719A974C7E-TPL_01,STR-390DD4719A974C7E,TPL_01,true,base_pattern,-0.142857142857,-1.000000000000,-0.142857142857,-0.452380952380,-0.288922995172,-0.027428475874
remove_visual_and_text_color,grayscale_image_caption_without_color,original_image_full_caption,6,SCAP-390DD4719A974C7E-TPL_02,STR-390DD4719A974C7E,TPL_02,false,base_pattern,0.000000000000,-1.000000000000,-0.142857142857,-0.285714285714,-0.145763944951,-0.010468125343
remove_visual_and_text_color,grayscale_image_caption_without_color,original_image_full_caption,7,SCAP-390DD4719A974C7E-TPL_03,STR-390DD4719A974C7E,TPL_03,false,base_pattern,-0.142857142857,-1.000000000000,-0.142857142857,-0.335714285714,-0.158535739808,0.005667545966
remove_visual_and_text_color,grayscale_image_caption_without_color,original_image_full_caption,8,SCAP-390DD4719A974C7E-TPL_04,STR-390DD4719A974C7E,TPL_04,false,base_pattern,0.000000000000,-1.000000000000,-0.142857142857,-0.265826330532,-0.151420862659,-0.025695389935
remove_visual_and_text_color,grayscale_image_caption_without_color,original_image_full_caption,9,SCAP-390DD4719A974C7E-TPL_05,STR-390DD4719A974C7E,TPL_05,false,base_pattern,-0.428571428571,-1.000000000000,-0.163265306122,-0.564285714285,-0.306734818700,-0.021901590483
remove_visual_and_text_color,grayscale_image_caption_without_color,original_image_full_caption,10,SCAP-83B17E3514D80A83-TPL_01,STR-83B17E3514D80A83,TPL_01,true,base_pattern,0.142857142857,0.000000000000,0.387755102041,0.071428571429,0.487375945146,-0.008506847280
remove_visual_and_text_color,grayscale_image_caption_without_color,original_image_full_caption,11,SCAP-83B17E3514D80A83-TPL_02,STR-83B17E3514D80A83,TPL_02,false,base_pattern,0.285714285714,0.000000000000,0.387755102041,0.142857142857,0.389010013944,-0.001026758126
remove_visual_and_text_color,grayscale_image_caption_without_color,original_image_full_caption,12,SCAP-83B17E3514D80A83-TPL_03,STR-83B17E3514D80A83,TPL_03,false,base_pattern,0.142857142857,0.000000000000,0.244897959183,0.071428571429,0.235243013114,-0.011529492481
remove_visual_and_text_color,grayscale_image_caption_without_color,original_image_full_caption,13,SCAP-83B17E3514D80A83-TPL_04,STR-83B17E3514D80A83,TPL_04,false,base_pattern,0.000000000000,0.000000000000,-0.061224489796,0.000000000000,-0.005793174241,-0.030563671674
remove_visual_and_text_color,grayscale_image_caption_without_color,original_image_full_caption,14,SCAP-83B17E3514D80A83-TPL_05,STR-83B17E3514D80A83,TPL_05,false,base_pattern,0.142857142857,0.000000000000,0.244897959183,0.095238095238,0.265538029872,-0.001089704889
remove_visual_and_text_color,grayscale_image_caption_without_color,original_image_full_caption,15,SCAP-32D96D397FD7BD30-TPL_01,STR-32D96D397FD7BD30,TPL_01,true,base_pattern,0.000000000000,-0.571428571429,-0.081632653061,-0.041836734694,-0.069944397625,0.005045720509
remove_visual_and_text_color,grayscale_image_caption_without_color,original_image_full_caption,16,SCAP-32D96D397FD7BD30-TPL_02,STR-32D96D397FD7BD30,TPL_02,false,base_pattern,0.000000000000,-0.714285714286,-0.102040816326,-0.121825396825,0.029474703978,0.017321135316
remove_visual_and_text_color,grayscale_image_caption_without_color,original_image_full_caption,17,SCAP-32D96D397FD7BD30-TPL_03,STR-32D96D397FD7BD30,TPL_03,false,base_pattern,0.000000000000,0.000000000000,0.000000000000,-0.185714285714,0.004872165974,0.015151511345
remove_visual_and_text_color,grayscale_image_caption_without_color,original_image_full_caption,18,SCAP-32D96D397FD7BD30-TPL_04,STR-32D96D397FD7BD30,TPL_04,false,base_pattern,0.000000000000,0.000000000000,0.000000000000,-0.028571428571,-0.066084774221,0.007665632026
remove_visual_and_text_color,grayscale_image_caption_without_color,original_image_full_caption,19,SCAP-32D96D397FD7BD30-TPL_05,STR-32D96D397FD7BD30,TPL_05,false,base_pattern,0.000000000000,-0.857142857143,-0.122448979592,-0.148809523809,-0.065968209426,0.000824545111
remove_visual_and_text_color,grayscale_image_caption_without_color,original_image_full_caption,20,SCAP-EFDC071AF166C8C3-TPL_01,STR-EFDC071AF166C8C3,TPL_01,true,base_pattern,0.000000000000,0.142857142857,0.020408163265,0.005782312925,0.160367931744,0.032571473292
remove_visual_and_text_color,grayscale_image_caption_without_color,original_image_full_caption,21,SCAP-EFDC071AF166C8C3-TPL_02,STR-EFDC071AF166C8C3,TPL_02,false,base_pattern,0.000000000000,-0.571428571429,-0.081632653061,-0.066558441558,-0.004276224103,0.037626858268
remove_visual_and_text_color,grayscale_image_caption_without_color,original_image_full_caption,22,SCAP-EFDC071AF166C8C3-TPL_03,STR-EFDC071AF166C8C3,TPL_03,false,base_pattern,0.000000000000,-0.571428571429,-0.081632653061,-0.130411255411,-0.099466953238,0.032350067581
remove_visual_and_text_color,grayscale_image_caption_without_color,original_image_full_caption,23,SCAP-EFDC071AF166C8C3-TPL_04,STR-EFDC071AF166C8C3,TPL_04,false,base_pattern,1.000000000000,0.285714285714,0.326530612245,0.642857142857,0.533182829532,0.035759125437
remove_visual_and_text_color,grayscale_image_caption_without_color,original_image_full_caption,24,SCAP-EFDC071AF166C8C3-TPL_05,STR-EFDC071AF166C8C3,TPL_05,false,base_pattern,0.000000000000,-0.571428571429,-0.081632653061,-0.151360544218,-0.060278875060,0.021502590605
remove_visual_and_text_color,grayscale_image_caption_without_color,original_image_full_caption,25,SCAP-7193EBD1DE12399C-TPL_01,STR-7193EBD1DE12399C,TPL_01,true,base_pattern,0.000000000000,-0.714285714286,-0.102040816326,-0.168253968254,-0.146337592185,0.010005976472
remove_visual_and_text_color,grayscale_image_caption_without_color,original_image_full_caption,26,SCAP-7193EBD1DE12399C-TPL_02,STR-7193EBD1DE12399C,TPL_02,false,base_pattern,0.571428571429,0.000000000000,0.306122448980,0.309523809524,0.394868044190,0.011151833193
remove_visual_and_text_color,grayscale_image_caption_without_color,original_image_full_caption,27,SCAP-7193EBD1DE12399C-TPL_03,STR-7193EBD1DE12399C,TPL_03,false,base_pattern,0.857142857143,0.000000000000,0.265306122449,0.452380952381,0.364126965031,0.017451477902
remove_visual_and_text_color,grayscale_image_caption_without_color,original_image_full_caption,28,SCAP-7193EBD1DE12399C-TPL_04,STR-7193EBD1DE12399C,TPL_04,false,base_pattern,0.000000000000,-1.000000000000,-0.142857142857,-0.271428571429,-0.238783530493,-0.007041722536
remove_visual_and_text_color,grayscale_image_caption_without_color,original_image_full_caption,29,SCAP-7193EBD1DE12399C-TPL_05,STR-7193EBD1DE12399C,TPL_05,false,base_pattern,-0.142857142857,-0.714285714286,-0.102040816326,-0.295938375350,-0.199177377138,0.007001927921
remove_visual_and_text_color,grayscale_image_caption_without_color,original_image_full_caption,30,SCAP-DBE3E9729199A70D-TPL_01,STR-DBE3E9729199A70D,TPL_01,true,heldout_pattern,0.000000000000,-0.857142857143,-0.122448979592,-0.116233766234,-0.120047047126,0.024664402008
remove_visual_and_text_color,grayscale_image_caption_without_color,original_image_full_caption,31,SCAP-DBE3E9729199A70D-TPL_02,STR-DBE3E9729199A70D,TPL_02,false,heldout_pattern,0.000000000000,0.000000000000,0.000000000000,-0.079510127609,-0.051285459922,0.020925519722
remove_visual_and_text_color,grayscale_image_caption_without_color,original_image_full_caption,32,SCAP-DBE3E9729199A70D-TPL_03,STR-DBE3E9729199A70D,TPL_03,false,heldout_pattern,0.000000000000,-0.142857142857,-0.020408163265,-0.101422387137,-0.082416658814,0.033584901265
remove_visual_and_text_color,grayscale_image_caption_without_color,original_image_full_caption,33,SCAP-DBE3E9729199A70D-TPL_04,STR-DBE3E9729199A70D,TPL_04,false,heldout_pattern,0.000000000000,-0.142857142857,-0.020408163265,-0.081689342404,-0.068898946889,0.015851601959
remove_visual_and_text_color,grayscale_image_caption_without_color,original_image_full_caption,34,SCAP-DBE3E9729199A70D-TPL_05,STR-DBE3E9729199A70D,TPL_05,false,heldout_pattern,1.000000000000,0.571428571429,0.224489795918,0.816666666667,0.357034189295,0.037971253906
remove_visual_and_text_color,grayscale_image_caption_without_color,original_image_full_caption,35,SCAP-74979A46916B9B50-TPL_01,STR-74979A46916B9B50,TPL_01,true,heldout_pattern,0.285714285714,0.000000000000,0.387755102041,0.142857142857,0.434078769618,0.019337432726
remove_visual_and_text_color,grayscale_image_caption_without_color,original_image_full_caption,36,SCAP-74979A46916B9B50-TPL_02,STR-74979A46916B9B50,TPL_02,false,heldout_pattern,0.571428571429,0.000000000000,0.510204081633,0.333333333333,0.541964904583,0.027358170066
remove_visual_and_text_color,grayscale_image_caption_without_color,original_image_full_caption,37,SCAP-74979A46916B9B50-TPL_03,STR-74979A46916B9B50,TPL_03,false,heldout_pattern,0.428571428571,0.142857142857,0.510204081633,0.285714285714,0.568024612169,0.052991271020
remove_visual_and_text_color,grayscale_image_caption_without_color,original_image_full_caption,38,SCAP-74979A46916B9B50-TPL_04,STR-74979A46916B9B50,TPL_04,false,heldout_pattern,0.571428571429,0.000000000000,0.489795918368,0.369047619048,0.627370958573,0.031099261982
remove_visual_and_text_color,grayscale_image_caption_without_color,original_image_full_caption,39,SCAP-74979A46916B9B50-TPL_05,STR-74979A46916B9B50,TPL_05,false,heldout_pattern,0.714285714286,0.000000000000,0.530612244898,0.380952380952,0.620014066174,0.042406203491
