condition,image_variant,text_variant,group_index,colorless_caption_id,structure_id,template_id,is_canonical,regime,pattern_id,motif,orientation,composition,symmetry,raw_query_count,structural_hit_at_1,structural_hit_at_5,structural_fractional_recall_at_5,structural_mrr,structural_ndcg_at_10,best_relevant_margin
original_image_full_caption,original,full_caption,0,SCAP-A3FE31524DCA0243-TPL_01,STR-A3FE31524DCA0243,TPL_01,true,base_pattern,bands_horizontal,bandas geométricas,horizontal,bandas,repetitiva,7,0.285714285714,1.000000000000,0.142857142857,0.571428571428,0.245153528851,-0.007337310484
original_image_full_caption,original,full_caption,1,SCAP-A3FE31524DCA0243-TPL_02,STR-A3FE31524DCA0243,TPL_02,false,base_pattern,bands_horizontal,bandas geométricas,horizontal,bandas,repetitiva,7,0.000000000000,1.000000000000,0.142857142857,0.357142857143,0.153627496956,-0.028193733522
original_image_full_caption,original,full_caption,2,SCAP-A3FE31524DCA0243-TPL_03,STR-A3FE31524DCA0243,TPL_03,false,base_pattern,bands_horizontal,bandas geométricas,horizontal,bandas,repetitiva,7,0.000000000000,1.000000000000,0.142857142857,0.302380952381,0.130272900896,-0.029107498271
original_image_full_caption,original,full_caption,3,SCAP-A3FE31524DCA0243-TPL_04,STR-A3FE31524DCA0243,TPL_04,false,base_pattern,bands_horizontal,bandas geométricas,horizontal,bandas,repetitiva,7,0.428571428571,1.000000000000,0.142857142857,0.666666666667,0.268831057907,-0.005934370416
original_image_full_caption,original,full_caption,4,SCAP-A3FE31524DCA0243-TPL_05,STR-A3FE31524DCA0243,TPL_05,false,base_pattern,bands_horizontal,bandas geométricas,horizontal,bandas,repetitiva,7,0.714285714286,1.000000000000,0.142857142857,0.833333333333,0.288928702811,0.006100663117
original_image_full_caption,original,full_caption,5,SCAP-390DD4719A974C7E-TPL_01,STR-390DD4719A974C7E,TPL_01,true,base_pattern,bands_vertical,bandas geométricas,vertical,bandas,repetitiva,7,0.142857142857,1.000000000000,0.142857142857,0.523809523809,0.288922995172,-0.001751141889
original_image_full_caption,original,full_caption,6,SCAP-390DD4719A974C7E-TPL_02,STR-390DD4719A974C7E,TPL_02,false,base_pattern,bands_vertical,bandas geométricas,vertical,bandas,repetitiva,7,0.000000000000,1.000000000000,0.142857142857,0.321428571428,0.145763944951,-0.030448794365
original_image_full_caption,original,full_caption,7,SCAP-390DD4719A974C7E-TPL_03,STR-390DD4719A974C7E,TPL_03,false,base_pattern,bands_vertical,bandas geométricas,vertical,bandas,repetitiva,7,0.142857142857,1.000000000000,0.142857142857,0.385714285714,0.158535739808,-0.031370916537
original_image_full_caption,original,full_caption,8,SCAP-390DD4719A974C7E-TPL_04,STR-390DD4719A974C7E,TPL_04,false,base_pattern,bands_vertical,bandas geométricas,vertical,bandas,repetitiva,7,0.000000000000,1.000000000000,0.142857142857,0.295238095238,0.151420862659,-0.024182715586
original_image_full_caption,original,full_caption,9,SCAP-390DD4719A974C7E-TPL_05,STR-390DD4719A974C7E,TPL_05,false,base_pattern,bands_vertical,bandas geométricas,vertical,bandas,repetitiva,7,0.428571428571,1.000000000000,0.163265306122,0.630952380952,0.306734818700,-0.005211817367
original_image_full_caption,original,full_caption,10,SCAP-83B17E3514D80A83-TPL_01,STR-83B17E3514D80A83,TPL_01,true,base_pattern,diamonds_central,rombos,diagonal,central,bilateral,7,0.857142857143,1.000000000000,0.183673469388,0.928571428571,0.394241261899,0.022273314851
original_image_full_caption,original,full_caption,11,SCAP-83B17E3514D80A83-TPL_02,STR-83B17E3514D80A83,TPL_02,false,base_pattern,diamonds_central,rombos,diagonal,central,bilateral,7,0.714285714286,1.000000000000,0.183673469388,0.857142857143,0.375638894249,0.006788500718
original_image_full_caption,original,full_caption,12,SCAP-83B17E3514D80A83-TPL_03,STR-83B17E3514D80A83,TPL_03,false,base_pattern,diamonds_central,rombos,diagonal,central,bilateral,7,0.857142857143,1.000000000000,0.183673469388,0.928571428571,0.370121995782,0.012091951711
original_image_full_caption,original,full_caption,13,SCAP-83B17E3514D80A83-TPL_04,STR-83B17E3514D80A83,TPL_04,false,base_pattern,diamonds_central,rombos,diagonal,central,bilateral,7,1.000000000000,1.000000000000,0.346938775510,1.000000000000,0.570134823848,0.030819867338
original_image_full_caption,original,full_caption,14,SCAP-83B17E3514D80A83-TPL_05,STR-83B17E3514D80A83,TPL_05,false,base_pattern,diamonds_central,rombos,diagonal,central,bilateral,7,0.857142857143,1.000000000000,0.183673469388,0.904761904762,0.335859171835,0.005308730262
original_image_full_caption,original,full_caption,15,SCAP-32D96D397FD7BD30-TPL_01,STR-32D96D397FD7BD30,TPL_01,true,base_pattern,grecas_modular,grecas escalonadas,horizontal,modular,repetitiva,7,0.000000000000,0.571428571429,0.081632653061,0.208503401361,0.167857322975,-0.023483374289
original_image_full_caption,original,full_caption,16,SCAP-32D96D397FD7BD30-TPL_02,STR-32D96D397FD7BD30,TPL_02,false,base_pattern,grecas_modular,grecas escalonadas,horizontal,modular,repetitiva,7,0.000000000000,0.714285714286,0.102040816326,0.246825396825,0.139985145821,-0.046645547662
original_image_full_caption,original,full_caption,17,SCAP-32D96D397FD7BD30-TPL_03,STR-32D96D397FD7BD30,TPL_03,false,base_pattern,grecas_modular,grecas escalonadas,horizontal,modular,repetitiva,7,0.000000000000,1.000000000000,0.142857142857,0.385714285714,0.184210536362,-0.034259613071
original_image_full_caption,original,full_caption,18,SCAP-32D96D397FD7BD30-TPL_04,STR-32D96D397FD7BD30,TPL_04,false,base_pattern,grecas_modular,grecas escalonadas,horizontal,modular,repetitiva,7,0.000000000000,1.000000000000,0.142857142857,0.228571428571,0.172421455251,-0.028738332646
original_image_full_caption,original,full_caption,19,SCAP-32D96D397FD7BD30-TPL_05,STR-32D96D397FD7BD30,TPL_05,false,base_pattern,grecas_modular,grecas escalonadas,horizontal,modular,repetitiva,7,0.000000000000,0.857142857143,0.122448979592,0.273809523809,0.232139117353,-0.015450958695
original_image_full_caption,original,full_caption,20,SCAP-EFDC071AF166C8C3-TPL_01,STR-EFDC071AF166C8C3,TPL_01,true,base_pattern,grid_reticular,cuadrícula geométrica,bidireccional,reticular,repetitiva,7,0.000000000000,0.857142857143,0.122448979592,0.327551020408,0.146530084513,-0.037542530469
original_image_full_caption,original,full_caption,21,SCAP-EFDC071AF166C8C3-TPL_02,STR-EFDC071AF166C8C3,TPL_02,false,base_pattern,grid_reticular,cuadrícula geométrica,bidireccional,reticular,repetitiva,7,0.000000000000,0.571428571429,0.081632653061,0.233225108225,0.102189149453,-0.048153723989
original_image_full_caption,original,full_caption,22,SCAP-EFDC071AF166C8C3-TPL_03,STR-EFDC071AF166C8C3,TPL_03,false,base_pattern,grid_reticular,cuadrícula geométrica,bidireccional,reticular,repetitiva,7,0.000000000000,0.571428571429,0.081632653061,0.221320346320,0.099466953238,-0.050421808447
original_image_full_caption,original,full_caption,23,SCAP-EFDC071AF166C8C3-TPL_04,STR-EFDC071AF166C8C3,TPL_04,false,base_pattern,grid_reticular,cuadrícula geométrica,bidireccional,reticular,repetitiva,7,0.000000000000,0.714285714286,0.102040816326,0.357142857143,0.166127297525,-0.031612340893
original_image_full_caption,original,full_caption,24,SCAP-EFDC071AF166C8C3-TPL_05,STR-EFDC071AF166C8C3,TPL_05,false,base_pattern,grid_reticular,cuadrícula geométrica,bidireccional,reticular,repetitiva,7,0.000000000000,0.571428571429,0.081632653061,0.262471655329,0.143024896365,-0.028883180448
original_image_full_caption,original,full_caption,25,SCAP-7193EBD1DE12399C-TPL_01,STR-7193EBD1DE12399C,TPL_01,true,base_pattern,mixed_asymmetric,motivos geométricos combinados,mixta,mixta,asimétrica,7,0.000000000000,0.714285714286,0.102040816326,0.223809523810,0.146337592185,-0.033335949693
original_image_full_caption,original,full_caption,26,SCAP-7193EBD1DE12399C-TPL_02,STR-7193EBD1DE12399C,TPL_02,false,base_pattern,mixed_asymmetric,motivos geométricos combinados,mixta,mixta,asimétrica,7,0.428571428571,1.000000000000,0.265306122449,0.690476190476,0.444326327625,-0.001120222466
original_image_full_caption,original,full_caption,27,SCAP-7193EBD1DE12399C-TPL_03,STR-7193EBD1DE12399C,TPL_03,false,base_pattern,mixed_asymmetric,motivos geométricos combinados,mixta,mixta,asimétrica,7,0.142857142857,1.000000000000,0.163265306122,0.547619047619,0.371172652557,-0.007963431733
original_image_full_caption,original,full_caption,28,SCAP-7193EBD1DE12399C-TPL_04,STR-7193EBD1DE12399C,TPL_04,false,base_pattern,mixed_asymmetric,motivos geométricos combinados,mixta,mixta,asimétrica,7,0.000000000000,1.000000000000,0.142857142857,0.354761904762,0.238783530493,-0.023814111948
original_image_full_caption,original,full_caption,29,SCAP-7193EBD1DE12399C-TPL_05,STR-7193EBD1DE12399C,TPL_05,false,base_pattern,mixed_asymmetric,motivos geométricos combinados,mixta,mixta,asimétrica,7,0.142857142857,0.714285714286,0.102040816326,0.354761904762,0.199177377138,-0.020649156400
original_image_full_caption,original,full_caption,30,SCAP-DBE3E9729199A70D-TPL_01,STR-DBE3E9729199A70D,TPL_01,true,heldout_pattern,chevrons_diagonal,chevrones,diagonal,bandas,repetitiva,7,0.000000000000,0.857142857143,0.122448979592,0.207142857143,0.120047047126,-0.041436105967
original_image_full_caption,original,full_caption,31,SCAP-DBE3E9729199A70D-TPL_02,STR-DBE3E9729199A70D,TPL_02,false,heldout_pattern,chevrons_diagonal,chevrones,diagonal,bandas,repetitiva,7,0.000000000000,0.000000000000,0.000000000000,0.111768192125,0.051285459922,-0.077264902847
original_image_full_caption,original,full_caption,32,SCAP-DBE3E9729199A70D-TPL_03,STR-DBE3E9729199A70D,TPL_03,false,heldout_pattern,chevrons_diagonal,chevrones,diagonal,bandas,repetitiva,7,0.000000000000,0.142857142857,0.020408163265,0.151422387137,0.082416658814,-0.061193981341
original_image_full_caption,original,full_caption,33,SCAP-DBE3E9729199A70D-TPL_04,STR-DBE3E9729199A70D,TPL_04,false,heldout_pattern,chevrons_diagonal,chevrones,diagonal,bandas,repetitiva,7,0.000000000000,0.142857142857,0.020408163265,0.131689342404,0.068898946889,-0.061610311270
original_image_full_caption,original,full_caption,34,SCAP-DBE3E9729199A70D-TPL_05,STR-DBE3E9729199A70D,TPL_05,false,heldout_pattern,chevrons_diagonal,chevrones,diagonal,bandas,repetitiva,7,0.000000000000,0.428571428571,0.061224489796,0.183333333333,0.138026331382,-0.029965128217
original_image_full_caption,original,full_caption,35,SCAP-74979A46916B9B50-TPL_01,STR-74979A46916B9B50,TPL_01,true,heldout_pattern,circles_concentric,círculos concéntricos,radial,central,radial,7,0.714285714286,1.000000000000,0.326530612245,0.857142857143,0.565921230382,0.010362727301
original_image_full_caption,original,full_caption,36,SCAP-74979A46916B9B50-TPL_02,STR-74979A46916B9B50,TPL_02,false,heldout_pattern,circles_concentric,círculos concéntricos,radial,central,radial,7,0.428571428571,1.000000000000,0.204081632653,0.666666666667,0.446835998561,-0.003121490989
original_image_full_caption,original,full_caption,37,SCAP-74979A46916B9B50-TPL_03,STR-74979A46916B9B50,TPL_03,false,heldout_pattern,circles_concentric,círculos concéntricos,radial,central,radial,7,0.571428571429,0.857142857143,0.204081632653,0.714285714286,0.431975387831,0.001213729381
original_image_full_caption,original,full_caption,38,SCAP-74979A46916B9B50-TPL_04,STR-74979A46916B9B50,TPL_04,false,heldout_pattern,circles_concentric,círculos concéntricos,radial,central,radial,7,0.428571428571,1.000000000000,0.224489795918,0.630952380952,0.372629041427,-0.005006807191
original_image_full_caption,original,full_caption,39,SCAP-74979A46916B9B50-TPL_05,STR-74979A46916B9B50,TPL_05,false,heldout_pattern,circles_concentric,círculos concéntricos,radial,central,radial,7,0.285714285714,1.000000000000,0.183673469388,0.619047619048,0.379985933826,-0.000509249312
grayscale_image_full_caption,grayscale,full_caption,0,SCAP-A3FE31524DCA0243-TPL_01,STR-A3FE31524DCA0243,TPL_01,true,base_pattern,bands_horizontal,bandas geométricas,horizontal,bandas,repetitiva,7,0.142857142857,1.000000000000,0.367346938775,0.511904761905,0.512759062731,-0.002153426409
grayscale_image_full_caption,grayscale,full_caption,1,SCAP-A3FE31524DCA0243-TPL_02,STR-A3FE31524DCA0243,TPL_02,false,base_pattern,bands_horizontal,bandas geométricas,horizontal,bandas,repetitiva,7,0.000000000000,0.000000000000,0.000000000000,0.113507524222,0.097767669849,-0.033977523446
grayscale_image_full_caption,grayscale,full_caption,2,SCAP-A3FE31524DCA0243-TPL_03,STR-A3FE31524DCA0243,TPL_03,false,base_pattern,bands_horizontal,bandas geométricas,horizontal,bandas,repetitiva,7,0.000000000000,0.000000000000,0.000000000000,0.118939393939,0.131547407230,-0.029281418239
grayscale_image_full_caption,grayscale,full_caption,3,SCAP-A3FE31524DCA0243-TPL_04,STR-A3FE31524DCA0243,TPL_04,false,base_pattern,bands_horizontal,bandas geométricas,horizontal,bandas,repetitiva,7,0.428571428571,1.000000000000,0.346938775510,0.630952380952,0.534364787293,0.000730776361
grayscale_image_full_caption,grayscale,full_caption,4,SCAP-A3FE31524DCA0243-TPL_05,STR-A3FE31524DCA0243,TPL_05,false,base_pattern,bands_horizontal,bandas geométricas,horizontal,bandas,repetitiva,7,0.714285714286,1.000000000000,0.469387755102,0.809523809524,0.653467255915,0.006601444312
grayscale_image_full_caption,grayscale,full_caption,5,SCAP-390DD4719A974C7E-TPL_01,STR-390DD4719A974C7E,TPL_01,true,base_pattern,bands_vertical,bandas geométricas,vertical,bandas,repetitiva,7,0.285714285714,0.571428571429,0.163265306122,0.442918985776,0.377363212059,-0.008101318564
grayscale_image_full_caption,grayscale,full_caption,6,SCAP-390DD4719A974C7E-TPL_02,STR-390DD4719A974C7E,TPL_02,false,base_pattern,bands_vertical,bandas geométricas,vertical,bandas,repetitiva,7,0.000000000000,0.142857142857,0.040816326531,0.119227012149,0.044409403349,-0.043484555824
grayscale_image_full_caption,grayscale,full_caption,7,SCAP-390DD4719A974C7E-TPL_03,STR-390DD4719A974C7E,TPL_03,false,base_pattern,bands_vertical,bandas geométricas,vertical,bandas,repetitiva,7,0.000000000000,0.142857142857,0.020408163265,0.079254277469,0.038362825967,-0.042038640806
grayscale_image_full_caption,grayscale,full_caption,8,SCAP-390DD4719A974C7E-TPL_04,STR-390DD4719A974C7E,TPL_04,false,base_pattern,bands_vertical,bandas geométricas,vertical,bandas,repetitiva,7,0.000000000000,0.142857142857,0.020408163265,0.087228455150,0.030899388329,-0.029737921698
grayscale_image_full_caption,grayscale,full_caption,9,SCAP-390DD4719A974C7E-TPL_05,STR-390DD4719A974C7E,TPL_05,false,base_pattern,bands_vertical,bandas geométricas,vertical,bandas,repetitiva,7,0.000000000000,0.285714285714,0.122448979592,0.205523643024,0.155828673619,-0.018293301974
grayscale_image_full_caption,grayscale,full_caption,10,SCAP-83B17E3514D80A83-TPL_01,STR-83B17E3514D80A83,TPL_01,true,base_pattern,diamonds_central,rombos,diagonal,central,bilateral,7,1.000000000000,1.000000000000,0.489795918367,1.000000000000,0.689525106823,0.010477063911
grayscale_image_full_caption,grayscale,full_caption,11,SCAP-83B17E3514D80A83-TPL_02,STR-83B17E3514D80A83,TPL_02,false,base_pattern,diamonds_central,rombos,diagonal,central,bilateral,7,0.142857142857,0.714285714286,0.183673469388,0.367006802721,0.402642207250,-0.012232435601
grayscale_image_full_caption,grayscale,full_caption,12,SCAP-83B17E3514D80A83-TPL_03,STR-83B17E3514D80A83,TPL_03,false,base_pattern,diamonds_central,rombos,diagonal,central,bilateral,7,0.142857142857,0.714285714286,0.142857142857,0.388265306122,0.385346274612,-0.013004064560
grayscale_image_full_caption,grayscale,full_caption,13,SCAP-83B17E3514D80A83-TPL_04,STR-83B17E3514D80A83,TPL_04,false,base_pattern,diamonds_central,rombos,diagonal,central,bilateral,7,0.857142857143,1.000000000000,0.428571428571,0.904761904762,0.667985646806,0.007574207016
grayscale_image_full_caption,grayscale,full_caption,14,SCAP-83B17E3514D80A83-TPL_05,STR-83B17E3514D80A83,TPL_05,false,base_pattern,diamonds_central,rombos,diagonal,central,bilateral,7,0.000000000000,0.857142857143,0.183673469388,0.285714285714,0.286308910357,-0.006817360009
grayscale_image_full_caption,grayscale,full_caption,15,SCAP-32D96D397FD7BD30-TPL_01,STR-32D96D397FD7BD30,TPL_01,true,base_pattern,grecas_modular,grecas escalonadas,horizontal,modular,repetitiva,7,0.000000000000,0.000000000000,0.000000000000,0.074979114453,0.013987560764,-0.030180362718
grayscale_image_full_caption,grayscale,full_caption,16,SCAP-32D96D397FD7BD30-TPL_02,STR-32D96D397FD7BD30,TPL_02,false,base_pattern,grecas_modular,grecas escalonadas,horizontal,modular,repetitiva,7,0.000000000000,0.000000000000,0.000000000000,0.086074045003,0.046440723828,-0.046931271042
grayscale_image_full_caption,grayscale,full_caption,17,SCAP-32D96D397FD7BD30-TPL_03,STR-32D96D397FD7BD30,TPL_03,false,base_pattern,grecas_modular,grecas escalonadas,horizontal,modular,repetitiva,7,0.000000000000,0.142857142857,0.020408163265,0.145634920635,0.161305439457,-0.042152277061
grayscale_image_full_caption,grayscale,full_caption,18,SCAP-32D96D397FD7BD30-TPL_04,STR-32D96D397FD7BD30,TPL_04,false,base_pattern,grecas_modular,grecas escalonadas,horizontal,modular,repetitiva,7,0.000000000000,0.000000000000,0.000000000000,0.054085652369,0.000000000000,-0.041350839394
grayscale_image_full_caption,grayscale,full_caption,19,SCAP-32D96D397FD7BD30-TPL_05,STR-32D96D397FD7BD30,TPL_05,false,base_pattern,grecas_modular,grecas escalonadas,horizontal,modular,repetitiva,7,0.000000000000,0.428571428571,0.061224489796,0.164050235479,0.110682584486,-0.017134787781
grayscale_image_full_caption,grayscale,full_caption,20,SCAP-EFDC071AF166C8C3-TPL_01,STR-EFDC071AF166C8C3,TPL_01,true,base_pattern,grid_reticular,cuadrícula geométrica,bidireccional,reticular,repetitiva,7,0.000000000000,0.428571428571,0.122448979592,0.194820384294,0.167595675467,-0.020736943398
grayscale_image_full_caption,grayscale,full_caption,21,SCAP-EFDC071AF166C8C3-TPL_02,STR-EFDC071AF166C8C3,TPL_02,false,base_pattern,grid_reticular,cuadrícula geométrica,bidireccional,reticular,repetitiva,7,0.142857142857,0.142857142857,0.020408163265,0.200671550672,0.066344957510,-0.034087625997
grayscale_image_full_caption,grayscale,full_caption,22,SCAP-EFDC071AF166C8C3-TPL_03,STR-EFDC071AF166C8C3,TPL_03,false,base_pattern,grid_reticular,cuadrícula geométrica,bidireccional,reticular,repetitiva,7,0.000000000000,0.142857142857,0.020408163265,0.093119704022,0.028262838913,-0.040437638760
grayscale_image_full_caption,grayscale,full_caption,23,SCAP-EFDC071AF166C8C3-TPL_04,STR-EFDC071AF166C8C3,TPL_04,false,base_pattern,grid_reticular,cuadrícula geométrica,bidireccional,reticular,repetitiva,7,0.571428571429,0.714285714286,0.306122448980,0.667658730159,0.504461271659,0.001765549183
grayscale_image_full_caption,grayscale,full_caption,24,SCAP-EFDC071AF166C8C3-TPL_05,STR-EFDC071AF166C8C3,TPL_05,false,base_pattern,grid_reticular,cuadrícula geométrica,bidireccional,reticular,repetitiva,7,0.000000000000,0.428571428571,0.081632653061,0.166415261757,0.106460542037,-0.020154454878
grayscale_image_full_caption,grayscale,full_caption,25,SCAP-7193EBD1DE12399C-TPL_01,STR-7193EBD1DE12399C,TPL_01,true,base_pattern,mixed_asymmetric,motivos geométricos combinados,mixta,mixta,asimétrica,7,0.428571428571,0.571428571429,0.183673469388,0.537263390205,0.283829784111,-0.006178796291
grayscale_image_full_caption,grayscale,full_caption,26,SCAP-7193EBD1DE12399C-TPL_02,STR-7193EBD1DE12399C,TPL_02,false,base_pattern,mixed_asymmetric,motivos geométricos combinados,mixta,mixta,asimétrica,7,0.857142857143,1.000000000000,0.571428571429,0.928571428571,0.857123224884,0.013181154217
grayscale_image_full_caption,grayscale,full_caption,27,SCAP-7193EBD1DE12399C-TPL_03,STR-7193EBD1DE12399C,TPL_03,false,base_pattern,mixed_asymmetric,motivos geométricos combinados,mixta,mixta,asimétrica,7,0.857142857143,1.000000000000,0.551020408163,0.928571428571,0.814736239702,0.011414183038
grayscale_image_full_caption,grayscale,full_caption,28,SCAP-7193EBD1DE12399C-TPL_04,STR-7193EBD1DE12399C,TPL_04,false,base_pattern,mixed_asymmetric,motivos geométricos combinados,mixta,mixta,asimétrica,7,0.285714285714,0.428571428571,0.183673469388,0.379648526077,0.313695580762,-0.013862167086
grayscale_image_full_caption,grayscale,full_caption,29,SCAP-7193EBD1DE12399C-TPL_05,STR-7193EBD1DE12399C,TPL_05,false,base_pattern,mixed_asymmetric,motivos geométricos combinados,mixta,mixta,asimétrica,7,0.285714285714,0.571428571429,0.183673469388,0.391921768707,0.278050372646,-0.008996146066
grayscale_image_full_caption,grayscale,full_caption,30,SCAP-DBE3E9729199A70D-TPL_01,STR-DBE3E9729199A70D,TPL_01,true,heldout_pattern,chevrons_diagonal,chevrones,diagonal,bandas,repetitiva,7,0.000000000000,0.000000000000,0.000000000000,0.111277611278,0.051088907746,-0.013836483870
grayscale_image_full_caption,grayscale,full_caption,31,SCAP-DBE3E9729199A70D-TPL_02,STR-DBE3E9729199A70D,TPL_02,false,heldout_pattern,chevrons_diagonal,chevrones,diagonal,bandas,repetitiva,7,0.000000000000,0.000000000000,0.000000000000,0.032206271397,0.000000000000,-0.074375594301
grayscale_image_full_caption,grayscale,full_caption,32,SCAP-DBE3E9729199A70D-TPL_03,STR-DBE3E9729199A70D,TPL_03,false,heldout_pattern,chevrons_diagonal,chevrones,diagonal,bandas,repetitiva,7,0.000000000000,0.000000000000,0.000000000000,0.065034881363,0.000000000000,-0.054518744349
grayscale_image_full_caption,grayscale,full_caption,33,SCAP-DBE3E9729199A70D-TPL_04,STR-DBE3E9729199A70D,TPL_04,false,heldout_pattern,chevrons_diagonal,chevrones,diagonal,bandas,repetitiva,7,0.000000000000,0.000000000000,0.000000000000,0.043856815453,0.000000000000,-0.041103833488
grayscale_image_full_caption,grayscale,full_caption,34,SCAP-DBE3E9729199A70D-TPL_05,STR-DBE3E9729199A70D,TPL_05,false,heldout_pattern,chevrons_diagonal,chevrones,diagonal,bandas,repetitiva,7,0.285714285714,0.857142857143,0.122448979592,0.541666666667,0.217272301322,-0.005185851029
grayscale_image_full_caption,grayscale,full_caption,35,SCAP-74979A46916B9B50-TPL_01,STR-74979A46916B9B50,TPL_01,true,heldout_pattern,circles_concentric,círculos concéntricos,radial,central,radial,7,1.000000000000,1.000000000000,0.693877551021,1.000000000000,0.969614718176,0.036264345050
grayscale_image_full_caption,grayscale,full_caption,36,SCAP-74979A46916B9B50-TPL_02,STR-74979A46916B9B50,TPL_02,false,heldout_pattern,circles_concentric,círculos concéntricos,radial,central,radial,7,0.857142857143,1.000000000000,0.591836734694,0.928571428571,0.878828849836,0.016046713505
grayscale_image_full_caption,grayscale,full_caption,37,SCAP-74979A46916B9B50-TPL_03,STR-74979A46916B9B50,TPL_03,false,heldout_pattern,circles_concentric,círculos concéntricos,radial,central,radial,7,1.000000000000,1.000000000000,0.653061224490,1.000000000000,0.960957104375,0.027438029647
grayscale_image_full_caption,grayscale,full_caption,38,SCAP-74979A46916B9B50-TPL_04,STR-74979A46916B9B50,TPL_04,false,heldout_pattern,circles_concentric,círculos concéntricos,radial,central,radial,7,0.428571428571,1.000000000000,0.204081632653,0.647619047619,0.357319169517,-0.002296520131
grayscale_image_full_caption,grayscale,full_caption,39,SCAP-74979A46916B9B50-TPL_05,STR-74979A46916B9B50,TPL_05,false,heldout_pattern,circles_concentric,círculos concéntricos,radial,central,radial,7,1.000000000000,1.000000000000,0.571428571429,1.000000000000,0.913705708064,0.018113860062
original_image_caption_without_color,original,caption_without_color,0,SCAP-A3FE31524DCA0243-TPL_01,STR-A3FE31524DCA0243,TPL_01,true,base_pattern,bands_horizontal,bandas geométricas,horizontal,bandas,repetitiva,1,0.000000000000,0.000000000000,0.000000000000,0.142857142857,0.178339272799,-0.008577540517
original_image_caption_without_color,original,caption_without_color,1,SCAP-A3FE31524DCA0243-TPL_02,STR-A3FE31524DCA0243,TPL_02,false,base_pattern,bands_horizontal,bandas geométricas,horizontal,bandas,repetitiva,1,0.000000000000,0.000000000000,0.000000000000,0.047619047619,0.000000000000,-0.062132731080
original_image_caption_without_color,original,caption_without_color,2,SCAP-A3FE31524DCA0243-TPL_03,STR-A3FE31524DCA0243,TPL_03,false,base_pattern,bands_horizontal,bandas geométricas,horizontal,bandas,repetitiva,1,0.000000000000,0.000000000000,0.000000000000,0.058823529412,0.000000000000,-0.035869970918
original_image_caption_without_color,original,caption_without_color,3,SCAP-A3FE31524DCA0243-TPL_04,STR-A3FE31524DCA0243,TPL_04,false,base_pattern,bands_horizontal,bandas geométricas,horizontal,bandas,repetitiva,1,0.000000000000,0.000000000000,0.000000000000,0.142857142857,0.091625444305,-0.015536606312
original_image_caption_without_color,original,caption_without_color,4,SCAP-A3FE31524DCA0243-TPL_05,STR-A3FE31524DCA0243,TPL_05,false,base_pattern,bands_horizontal,bandas geométricas,horizontal,bandas,repetitiva,1,0.000000000000,1.000000000000,0.285714285714,0.500000000000,0.552048728979,-0.002111405134
original_image_caption_without_color,original,caption_without_color,5,SCAP-390DD4719A974C7E-TPL_01,STR-390DD4719A974C7E,TPL_01,true,base_pattern,bands_vertical,bandas geométricas,vertical,bandas,repetitiva,1,0.000000000000,0.000000000000,0.000000000000,0.066666666667,0.000000000000,-0.024508655071
original_image_caption_without_color,original,caption_without_color,6,SCAP-390DD4719A974C7E-TPL_02,STR-390DD4719A974C7E,TPL_02,false,base_pattern,bands_vertical,bandas geométricas,vertical,bandas,repetitiva,1,0.000000000000,0.000000000000,0.000000000000,0.043478260870,0.000000000000,-0.065803587437
original_image_caption_without_color,original,caption_without_color,7,SCAP-390DD4719A974C7E-TPL_03,STR-390DD4719A974C7E,TPL_03,false,base_pattern,bands_vertical,bandas geométricas,vertical,bandas,repetitiva,1,0.000000000000,0.000000000000,0.000000000000,0.055555555556,0.000000000000,-0.042632371187
original_image_caption_without_color,original,caption_without_color,8,SCAP-390DD4719A974C7E-TPL_04,STR-390DD4719A974C7E,TPL_04,false,base_pattern,bands_vertical,bandas geométricas,vertical,bandas,repetitiva,1,0.000000000000,0.000000000000,0.000000000000,0.032258064516,0.000000000000,-0.043564572930
original_image_caption_without_color,original,caption_without_color,9,SCAP-390DD4719A974C7E-TPL_05,STR-390DD4719A974C7E,TPL_05,false,base_pattern,bands_vertical,bandas geométricas,vertical,bandas,repetitiva,1,0.000000000000,0.000000000000,0.000000000000,0.166666666667,0.177370004783,-0.008088260889
original_image_caption_without_color,original,caption_without_color,10,SCAP-83B17E3514D80A83-TPL_01,STR-83B17E3514D80A83,TPL_01,true,base_pattern,diamonds_central,rombos,diagonal,central,bilateral,1,1.000000000000,1.000000000000,0.714285714286,1.000000000000,1.000000000000,0.028881371021
original_image_caption_without_color,original,caption_without_color,11,SCAP-83B17E3514D80A83-TPL_02,STR-83B17E3514D80A83,TPL_02,false,base_pattern,diamonds_central,rombos,diagonal,central,bilateral,1,0.000000000000,1.000000000000,0.285714285714,0.333333333333,0.523193734562,-0.011529624462
original_image_caption_without_color,original,caption_without_color,12,SCAP-83B17E3514D80A83-TPL_03,STR-83B17E3514D80A83,TPL_03,false,base_pattern,diamonds_central,rombos,diagonal,central,bilateral,1,0.000000000000,1.000000000000,0.285714285714,0.250000000000,0.492092249135,-0.010721713305
original_image_caption_without_color,original,caption_without_color,13,SCAP-83B17E3514D80A83-TPL_04,STR-83B17E3514D80A83,TPL_04,false,base_pattern,diamonds_central,rombos,diagonal,central,bilateral,1,0.000000000000,1.000000000000,0.428571428571,0.500000000000,0.601829258320,-0.006295099854
original_image_caption_without_color,original,caption_without_color,14,SCAP-83B17E3514D80A83-TPL_05,STR-83B17E3514D80A83,TPL_05,false,base_pattern,diamonds_central,rombos,diagonal,central,bilateral,1,1.000000000000,1.000000000000,0.714285714286,1.000000000000,0.893207651651,0.008977919817
original_image_caption_without_color,original,caption_without_color,15,SCAP-32D96D397FD7BD30-TPL_01,STR-32D96D397FD7BD30,TPL_01,true,base_pattern,grecas_modular,grecas escalonadas,horizontal,modular,repetitiva,1,0.000000000000,1.000000000000,0.142857142857,0.500000000000,0.173427656988,-0.007946088910
original_image_caption_without_color,original,caption_without_color,16,SCAP-32D96D397FD7BD30-TPL_02,STR-32D96D397FD7BD30,TPL_02,false,base_pattern,grecas_modular,grecas escalonadas,horizontal,modular,repetitiva,1,0.000000000000,0.000000000000,0.000000000000,0.125000000000,0.248916929232,-0.045596539974
original_image_caption_without_color,original,caption_without_color,17,SCAP-32D96D397FD7BD30-TPL_03,STR-32D96D397FD7BD30,TPL_03,false,base_pattern,grecas_modular,grecas escalonadas,horizontal,modular,repetitiva,1,0.000000000000,0.000000000000,0.000000000000,0.125000000000,0.248916929232,-0.026812553406
original_image_caption_without_color,original,caption_without_color,18,SCAP-32D96D397FD7BD30-TPL_04,STR-32D96D397FD7BD30,TPL_04,false,base_pattern,grecas_modular,grecas escalonadas,horizontal,modular,repetitiva,1,0.000000000000,1.000000000000,0.428571428571,0.500000000000,0.429248616401,-0.002056136727
original_image_caption_without_color,original,caption_without_color,19,SCAP-32D96D397FD7BD30-TPL_05,STR-32D96D397FD7BD30,TPL_05,false,base_pattern,grecas_modular,grecas escalonadas,horizontal,modular,repetitiva,1,0.000000000000,1.000000000000,0.142857142857,0.500000000000,0.427256202031,-0.000490605831
original_image_caption_without_color,original,caption_without_color,20,SCAP-EFDC071AF166C8C3-TPL_01,STR-EFDC071AF166C8C3,TPL_01,true,base_pattern,grid_reticular,cuadrícula geométrica,bidireccional,reticular,repetitiva,1,0.000000000000,0.000000000000,0.000000000000,0.066666666667,0.000000000000,-0.031962081790
original_image_caption_without_color,original,caption_without_color,21,SCAP-EFDC071AF166C8C3-TPL_02,STR-EFDC071AF166C8C3,TPL_02,false,base_pattern,grid_reticular,cuadrícula geométrica,bidireccional,reticular,repetitiva,1,0.000000000000,0.000000000000,0.000000000000,0.066666666667,0.000000000000,-0.039860576391
original_image_caption_without_color,original,caption_without_color,22,SCAP-EFDC071AF166C8C3-TPL_03,STR-EFDC071AF166C8C3,TPL_03,false,base_pattern,grid_reticular,cuadrícula geométrica,bidireccional,reticular,repetitiva,1,0.000000000000,0.000000000000,0.000000000000,0.058823529412,0.000000000000,-0.038891285658
original_image_caption_without_color,original,caption_without_color,23,SCAP-EFDC071AF166C8C3-TPL_04,STR-EFDC071AF166C8C3,TPL_04,false,base_pattern,grid_reticular,cuadrícula geométrica,bidireccional,reticular,repetitiva,1,0.000000000000,0.000000000000,0.000000000000,0.142857142857,0.091625444305,-0.008204057813
original_image_caption_without_color,original,caption_without_color,24,SCAP-EFDC071AF166C8C3-TPL_05,STR-EFDC071AF166C8C3,TPL_05,false,base_pattern,grid_reticular,cuadrícula geométrica,bidireccional,reticular,repetitiva,1,0.000000000000,0.000000000000,0.000000000000,0.058823529412,0.000000000000,-0.020344242454
original_image_caption_without_color,original,caption_without_color,25,SCAP-7193EBD1DE12399C-TPL_01,STR-7193EBD1DE12399C,TPL_01,true,base_pattern,mixed_asymmetric,motivos geométricos combinados,mixta,mixta,asimétrica,1,0.000000000000,1.000000000000,0.142857142857,0.200000000000,0.197962125335,-0.008103013039
original_image_caption_without_color,original,caption_without_color,26,SCAP-7193EBD1DE12399C-TPL_02,STR-7193EBD1DE12399C,TPL_02,false,base_pattern,mixed_asymmetric,motivos geométricos combinados,mixta,mixta,asimétrica,1,1.000000000000,1.000000000000,0.714285714286,1.000000000000,0.897175458839,0.023981988430
original_image_caption_without_color,original,caption_without_color,27,SCAP-7193EBD1DE12399C-TPL_03,STR-7193EBD1DE12399C,TPL_03,false,base_pattern,mixed_asymmetric,motivos geométricos combinados,mixta,mixta,asimétrica,1,1.000000000000,1.000000000000,0.571428571429,1.000000000000,0.789991762740,0.009691089392
original_image_caption_without_color,original,caption_without_color,28,SCAP-7193EBD1DE12399C-TPL_04,STR-7193EBD1DE12399C,TPL_04,false,base_pattern,mixed_asymmetric,motivos geométricos combinados,mixta,mixta,asimétrica,1,1.000000000000,1.000000000000,0.428571428571,1.000000000000,0.775280526014,0.007615342736
original_image_caption_without_color,original,caption_without_color,29,SCAP-7193EBD1DE12399C-TPL_05,STR-7193EBD1DE12399C,TPL_05,false,base_pattern,mixed_asymmetric,motivos geométricos combinados,mixta,mixta,asimétrica,1,1.000000000000,1.000000000000,0.428571428571,1.000000000000,0.677367600664,0.007072657347
original_image_caption_without_color,original,caption_without_color,30,SCAP-DBE3E9729199A70D-TPL_01,STR-DBE3E9729199A70D,TPL_01,true,heldout_pattern,chevrons_diagonal,chevrones,diagonal,bandas,repetitiva,1,0.000000000000,0.000000000000,0.000000000000,0.111111111111,0.082746021305,-0.018187433481
original_image_caption_without_color,original,caption_without_color,31,SCAP-DBE3E9729199A70D-TPL_02,STR-DBE3E9729199A70D,TPL_02,false,heldout_pattern,chevrons_diagonal,chevrones,diagonal,bandas,repetitiva,1,0.000000000000,0.000000000000,0.000000000000,0.032258064516,0.000000000000,-0.084050968289
original_image_caption_without_color,original,caption_without_color,32,SCAP-DBE3E9729199A70D-TPL_03,STR-DBE3E9729199A70D,TPL_03,false,heldout_pattern,chevrons_diagonal,chevrones,diagonal,bandas,repetitiva,1,0.000000000000,0.000000000000,0.000000000000,0.050000000000,0.000000000000,-0.042938619852
original_image_caption_without_color,original,caption_without_color,33,SCAP-DBE3E9729199A70D-TPL_04,STR-DBE3E9729199A70D,TPL_04,false,heldout_pattern,chevrons_diagonal,chevrones,diagonal,bandas,repetitiva,1,0.000000000000,0.000000000000,0.000000000000,0.033333333333,0.000000000000,-0.038159251213
original_image_caption_without_color,original,caption_without_color,34,SCAP-DBE3E9729199A70D-TPL_05,STR-DBE3E9729199A70D,TPL_05,false,heldout_pattern,chevrons_diagonal,chevrones,diagonal,bandas,repetitiva,1,0.000000000000,1.000000000000,0.142857142857,0.500000000000,0.265053101293,-0.001872092485
original_image_caption_without_color,original,caption_without_color,35,SCAP-74979A46916B9B50-TPL_01,STR-74979A46916B9B50,TPL_01,true,heldout_pattern,circles_concentric,círculos concéntricos,radial,central,radial,1,1.000000000000,1.000000000000,0.714285714286,1.000000000000,1.000000000000,0.044942244887
original_image_caption_without_color,original,caption_without_color,36,SCAP-74979A46916B9B50-TPL_02,STR-74979A46916B9B50,TPL_02,false,heldout_pattern,circles_concentric,círculos concéntricos,radial,central,radial,1,1.000000000000,1.000000000000,0.714285714286,1.000000000000,1.000000000000,0.052899241447
original_image_caption_without_color,original,caption_without_color,37,SCAP-74979A46916B9B50-TPL_03,STR-74979A46916B9B50,TPL_03,false,heldout_pattern,circles_concentric,círculos concéntricos,radial,central,radial,1,1.000000000000,1.000000000000,0.714285714286,1.000000000000,1.000000000000,0.068078756332
original_image_caption_without_color,original,caption_without_color,38,SCAP-74979A46916B9B50-TPL_04,STR-74979A46916B9B50,TPL_04,false,heldout_pattern,circles_concentric,círculos concéntricos,radial,central,radial,1,1.000000000000,1.000000000000,0.714285714286,1.000000000000,1.000000000000,0.055298060179
original_image_caption_without_color,original,caption_without_color,39,SCAP-74979A46916B9B50-TPL_05,STR-74979A46916B9B50,TPL_05,false,heldout_pattern,circles_concentric,círculos concéntricos,radial,central,radial,1,1.000000000000,1.000000000000,0.714285714286,1.000000000000,1.000000000000,0.053526878357
grayscale_image_caption_without_color,grayscale,caption_without_color,0,SCAP-A3FE31524DCA0243-TPL_01,STR-A3FE31524DCA0243,TPL_01,true,base_pattern,bands_horizontal,bandas geométricas,horizontal,bandas,repetitiva,1,1.000000000000,1.000000000000,0.428571428571,1.000000000000,0.680254753555,0.009730473161
grayscale_image_caption_without_color,grayscale,caption_without_color,1,SCAP-A3FE31524DCA0243-TPL_02,STR-A3FE31524DCA0243,TPL_02,false,base_pattern,bands_horizontal,bandas geométricas,horizontal,bandas,repetitiva,1,0.000000000000,0.000000000000,0.000000000000,0.111111111111,0.082746021305,-0.024317979813
grayscale_image_caption_without_color,grayscale,caption_without_color,2,SCAP-A3FE31524DCA0243-TPL_03,STR-A3FE31524DCA0243,TPL_03,false,base_pattern,bands_horizontal,bandas geométricas,horizontal,bandas,repetitiva,1,0.000000000000,1.000000000000,0.142857142857,0.333333333333,0.216895245890,-0.006007984281
grayscale_image_caption_without_color,grayscale,caption_without_color,3,SCAP-A3FE31524DCA0243-TPL_04,STR-A3FE31524DCA0243,TPL_04,false,base_pattern,bands_horizontal,bandas geométricas,horizontal,bandas,repetitiva,1,1.000000000000,1.000000000000,0.571428571429,1.000000000000,0.953164131494,0.018116459250
grayscale_image_caption_without_color,grayscale,caption_without_color,4,SCAP-A3FE31524DCA0243-TPL_05,STR-A3FE31524DCA0243,TPL_05,false,base_pattern,bands_horizontal,bandas geométricas,horizontal,bandas,repetitiva,1,1.000000000000,1.000000000000,0.571428571429,1.000000000000,0.853682410543,0.006285339594
grayscale_image_caption_without_color,grayscale,caption_without_color,5,SCAP-390DD4719A974C7E-TPL_01,STR-390DD4719A974C7E,TPL_01,true,base_pattern,bands_vertical,bandas geométricas,vertical,bandas,repetitiva,1,0.000000000000,0.000000000000,0.000000000000,0.071428571429,0.000000000000,-0.029179617763
grayscale_image_caption_without_color,grayscale,caption_without_color,6,SCAP-390DD4719A974C7E-TPL_02,STR-390DD4719A974C7E,TPL_02,false,base_pattern,bands_vertical,bandas geométricas,vertical,bandas,repetitiva,1,0.000000000000,0.000000000000,0.000000000000,0.035714285714,0.000000000000,-0.040916919708
grayscale_image_caption_without_color,grayscale,caption_without_color,7,SCAP-390DD4719A974C7E-TPL_03,STR-390DD4719A974C7E,TPL_03,false,base_pattern,bands_vertical,bandas geométricas,vertical,bandas,repetitiva,1,0.000000000000,0.000000000000,0.000000000000,0.050000000000,0.000000000000,-0.025703370571
grayscale_image_caption_without_color,grayscale,caption_without_color,8,SCAP-390DD4719A974C7E-TPL_04,STR-390DD4719A974C7E,TPL_04,false,base_pattern,bands_vertical,bandas geométricas,vertical,bandas,repetitiva,1,0.000000000000,0.000000000000,0.000000000000,0.029411764706,0.000000000000,-0.049878105521
grayscale_image_caption_without_color,grayscale,caption_without_color,9,SCAP-390DD4719A974C7E-TPL_05,STR-390DD4719A974C7E,TPL_05,false,base_pattern,bands_vertical,bandas geométricas,vertical,bandas,repetitiva,1,0.000000000000,0.000000000000,0.000000000000,0.066666666667,0.000000000000,-0.027113407850
grayscale_image_caption_without_color,grayscale,caption_without_color,10,SCAP-83B17E3514D80A83-TPL_01,STR-83B17E3514D80A83,TPL_01,true,base_pattern,diamonds_central,rombos,diagonal,central,bilateral,1,1.000000000000,1.000000000000,0.571428571429,1.000000000000,0.881617207045,0.013766467571
grayscale_image_caption_without_color,grayscale,caption_without_color,11,SCAP-83B17E3514D80A83-TPL_02,STR-83B17E3514D80A83,TPL_02,false,base_pattern,diamonds_central,rombos,diagonal,central,bilateral,1,1.000000000000,1.000000000000,0.571428571429,1.000000000000,0.764648908193,0.005761742592
grayscale_image_caption_without_color,grayscale,caption_without_color,12,SCAP-83B17E3514D80A83-TPL_03,STR-83B17E3514D80A83,TPL_03,false,base_pattern,diamonds_central,rombos,diagonal,central,bilateral,1,1.000000000000,1.000000000000,0.428571428571,1.000000000000,0.605365008896,0.000562459230
grayscale_image_caption_without_color,grayscale,caption_without_color,13,SCAP-83B17E3514D80A83-TPL_04,STR-83B17E3514D80A83,TPL_04,false,base_pattern,diamonds_central,rombos,diagonal,central,bilateral,1,1.000000000000,1.000000000000,0.285714285714,1.000000000000,0.564341649607,0.000256195664
grayscale_image_caption_without_color,grayscale,caption_without_color,14,SCAP-83B17E3514D80A83-TPL_05,STR-83B17E3514D80A83,TPL_05,false,base_pattern,diamonds_central,rombos,diagonal,central,bilateral,1,1.000000000000,1.000000000000,0.428571428571,1.000000000000,0.601397201707,0.004219025373
grayscale_image_caption_without_color,grayscale,caption_without_color,15,SCAP-32D96D397FD7BD30-TPL_01,STR-32D96D397FD7BD30,TPL_01,true,base_pattern,grecas_modular,grecas escalonadas,horizontal,modular,repetitiva,1,0.000000000000,0.000000000000,0.000000000000,0.166666666667,0.097912925350,-0.018437653780
grayscale_image_caption_without_color,grayscale,caption_without_color,16,SCAP-32D96D397FD7BD30-TPL_02,STR-32D96D397FD7BD30,TPL_02,false,base_pattern,grecas_modular,grecas escalonadas,horizontal,modular,repetitiva,1,0.000000000000,0.000000000000,0.000000000000,0.125000000000,0.169459849799,-0.029324412346
grayscale_image_caption_without_color,grayscale,caption_without_color,17,SCAP-32D96D397FD7BD30-TPL_03,STR-32D96D397FD7BD30,TPL_03,false,base_pattern,grecas_modular,grecas escalonadas,horizontal,modular,repetitiva,1,0.000000000000,1.000000000000,0.142857142857,0.200000000000,0.189082702336,-0.019108101726
grayscale_image_caption_without_color,grayscale,caption_without_color,18,SCAP-32D96D397FD7BD30-TPL_04,STR-32D96D397FD7BD30,TPL_04,false,base_pattern,grecas_modular,grecas escalonadas,horizontal,modular,repetitiva,1,0.000000000000,1.000000000000,0.142857142857,0.200000000000,0.106336681030,-0.021072700620
grayscale_image_caption_without_color,grayscale,caption_without_color,19,SCAP-32D96D397FD7BD30-TPL_05,STR-32D96D397FD7BD30,TPL_05,false,base_pattern,grecas_modular,grecas escalonadas,horizontal,modular,repetitiva,1,0.000000000000,0.000000000000,0.000000000000,0.125000000000,0.166170907927,-0.014626413584
grayscale_image_caption_without_color,grayscale,caption_without_color,20,SCAP-EFDC071AF166C8C3-TPL_01,STR-EFDC071AF166C8C3,TPL_01,true,base_pattern,grid_reticular,cuadrícula geométrica,bidireccional,reticular,repetitiva,1,0.000000000000,1.000000000000,0.142857142857,0.333333333333,0.306898016257,-0.004971057177
grayscale_image_caption_without_color,grayscale,caption_without_color,21,SCAP-EFDC071AF166C8C3-TPL_02,STR-EFDC071AF166C8C3,TPL_02,false,base_pattern,grid_reticular,cuadrícula geométrica,bidireccional,reticular,repetitiva,1,0.000000000000,0.000000000000,0.000000000000,0.166666666667,0.097912925350,-0.010526865721
grayscale_image_caption_without_color,grayscale,caption_without_color,22,SCAP-EFDC071AF166C8C3-TPL_03,STR-EFDC071AF166C8C3,TPL_03,false,base_pattern,grid_reticular,cuadrícula geométrica,bidireccional,reticular,repetitiva,1,0.000000000000,0.000000000000,0.000000000000,0.090909090909,0.000000000000,-0.018071740866
grayscale_image_caption_without_color,grayscale,caption_without_color,23,SCAP-EFDC071AF166C8C3-TPL_04,STR-EFDC071AF166C8C3,TPL_04,false,base_pattern,grid_reticular,cuadrícula geométrica,bidireccional,reticular,repetitiva,1,1.000000000000,1.000000000000,0.428571428571,1.000000000000,0.699310127057,0.004146784544
grayscale_image_caption_without_color,grayscale,caption_without_color,24,SCAP-EFDC071AF166C8C3-TPL_05,STR-EFDC071AF166C8C3,TPL_05,false,base_pattern,grid_reticular,cuadrícula geométrica,bidireccional,reticular,repetitiva,1,0.000000000000,0.000000000000,0.000000000000,0.111111111111,0.082746021305,-0.007380589843
grayscale_image_caption_without_color,grayscale,caption_without_color,25,SCAP-7193EBD1DE12399C-TPL_01,STR-7193EBD1DE12399C,TPL_01,true,base_pattern,mixed_asymmetric,motivos geométricos combinados,mixta,mixta,asimétrica,1,0.000000000000,0.000000000000,0.000000000000,0.055555555556,0.000000000000,-0.023329973221
grayscale_image_caption_without_color,grayscale,caption_without_color,26,SCAP-7193EBD1DE12399C-TPL_02,STR-7193EBD1DE12399C,TPL_02,false,base_pattern,mixed_asymmetric,motivos geométricos combinados,mixta,mixta,asimétrica,1,1.000000000000,1.000000000000,0.571428571429,1.000000000000,0.839194371815,0.010031610727
grayscale_image_caption_without_color,grayscale,caption_without_color,27,SCAP-7193EBD1DE12399C-TPL_03,STR-7193EBD1DE12399C,TPL_03,false,base_pattern,mixed_asymmetric,motivos geométricos combinados,mixta,mixta,asimétrica,1,1.000000000000,1.000000000000,0.428571428571,1.000000000000,0.735299617588,0.009488046169
grayscale_image_caption_without_color,grayscale,caption_without_color,28,SCAP-7193EBD1DE12399C-TPL_04,STR-7193EBD1DE12399C,TPL_04,false,base_pattern,mixed_asymmetric,motivos geométricos combinados,mixta,mixta,asimétrica,1,0.000000000000,0.000000000000,0.000000000000,0.083333333333,0.000000000000,-0.030855834484
grayscale_image_caption_without_color,grayscale,caption_without_color,29,SCAP-7193EBD1DE12399C-TPL_05,STR-7193EBD1DE12399C,TPL_05,false,base_pattern,mixed_asymmetric,motivos geométricos combinados,mixta,mixta,asimétrica,1,0.000000000000,0.000000000000,0.000000000000,0.058823529412,0.000000000000,-0.013647228479
grayscale_image_caption_without_color,grayscale,caption_without_color,30,SCAP-DBE3E9729199A70D-TPL_01,STR-DBE3E9729199A70D,TPL_01,true,heldout_pattern,chevrons_diagonal,chevrones,diagonal,bandas,repetitiva,1,0.000000000000,0.000000000000,0.000000000000,0.090909090909,0.000000000000,-0.016771703959
grayscale_image_caption_without_color,grayscale,caption_without_color,31,SCAP-DBE3E9729199A70D-TPL_02,STR-DBE3E9729199A70D,TPL_02,false,heldout_pattern,chevrons_diagonal,chevrones,diagonal,bandas,repetitiva,1,0.000000000000,0.000000000000,0.000000000000,0.032258064516,0.000000000000,-0.056339383125
grayscale_image_caption_without_color,grayscale,caption_without_color,32,SCAP-DBE3E9729199A70D-TPL_03,STR-DBE3E9729199A70D,TPL_03,false,heldout_pattern,chevrons_diagonal,chevrones,diagonal,bandas,repetitiva,1,0.000000000000,0.000000000000,0.000000000000,0.050000000000,0.000000000000,-0.027609080076
grayscale_image_caption_without_color,grayscale,caption_without_color,33,SCAP-DBE3E9729199A70D-TPL_04,STR-DBE3E9729199A70D,TPL_04,false,heldout_pattern,chevrons_diagonal,chevrones,diagonal,bandas,repetitiva,1,0.000000000000,0.000000000000,0.000000000000,0.050000000000,0.000000000000,-0.045758709311
grayscale_image_caption_without_color,grayscale,caption_without_color,34,SCAP-DBE3E9729199A70D-TPL_05,STR-DBE3E9729199A70D,TPL_05,false,heldout_pattern,chevrons_diagonal,chevrones,diagonal,bandas,repetitiva,1,1.000000000000,1.000000000000,0.285714285714,1.000000000000,0.495060520677,0.008006125689
grayscale_image_caption_without_color,grayscale,caption_without_color,35,SCAP-74979A46916B9B50-TPL_01,STR-74979A46916B9B50,TPL_01,true,heldout_pattern,circles_concentric,círculos concéntricos,radial,central,radial,1,1.000000000000,1.000000000000,0.714285714286,1.000000000000,1.000000000000,0.029700160027
grayscale_image_caption_without_color,grayscale,caption_without_color,36,SCAP-74979A46916B9B50-TPL_02,STR-74979A46916B9B50,TPL_02,false,heldout_pattern,circles_concentric,círculos concéntricos,radial,central,radial,1,1.000000000000,1.000000000000,0.714285714286,1.000000000000,0.988800903144,0.024236679077
grayscale_image_caption_without_color,grayscale,caption_without_color,37,SCAP-74979A46916B9B50-TPL_03,STR-74979A46916B9B50,TPL_03,false,heldout_pattern,circles_concentric,círculos concéntricos,radial,central,radial,1,1.000000000000,1.000000000000,0.714285714286,1.000000000000,1.000000000000,0.054205000401
grayscale_image_caption_without_color,grayscale,caption_without_color,38,SCAP-74979A46916B9B50-TPL_04,STR-74979A46916B9B50,TPL_04,false,heldout_pattern,circles_concentric,círculos concéntricos,radial,central,radial,1,1.000000000000,1.000000000000,0.714285714286,1.000000000000,1.000000000000,0.026092454791
grayscale_image_caption_without_color,grayscale,caption_without_color,39,SCAP-74979A46916B9B50-TPL_05,STR-74979A46916B9B50,TPL_05,false,heldout_pattern,circles_concentric,círculos concéntricos,radial,central,radial,1,1.000000000000,1.000000000000,0.714285714286,1.000000000000,1.000000000000,0.041896954179
