comparison_row_index,comparability_family,experiment_id,experiment_name,source_section,comparison_id,minuend,subtrahend,statistic_name,statistic_value,sample_count,sample_unit,source_artifact_path
0,global_exact_retrieval,E3,baseline_comparison,overall_metrics,openclip_minus_random,openclip,random,delta_recall_at_1,0.221428571429,280,caption_query,results/v2/evaluacion/baselines_v2/comparacion_baselines_v2.csv
1,global_exact_retrieval,E3,baseline_comparison,overall_metrics,openclip_minus_random,openclip,random,delta_mrr,0.380674905389,280,caption_query,results/v2/evaluacion/baselines_v2/comparacion_baselines_v2.csv
2,global_exact_retrieval,E3,baseline_comparison,overall_metrics,openclip_minus_random,openclip,random,delta_ndcg_at_10,0.499384991519,280,caption_query,results/v2/evaluacion/baselines_v2/comparacion_baselines_v2.csv
3,global_exact_retrieval,E3,baseline_comparison,overall_metrics,openclip_minus_random,openclip,random,delta_positive_margin,0.461729242753,280,caption_query,results/v2/evaluacion/baselines_v2/comparacion_baselines_v2.csv
4,global_exact_retrieval,E3,baseline_comparison,overall_metrics,color_histogram_minus_random,color_histogram,random,delta_recall_at_1,0.110714285714,280,caption_query,results/v2/evaluacion/baselines_v2/comparacion_baselines_v2.csv
5,global_exact_retrieval,E3,baseline_comparison,overall_metrics,color_histogram_minus_random,color_histogram,random,delta_mrr,0.258330807862,280,caption_query,results/v2/evaluacion/baselines_v2/comparacion_baselines_v2.csv
6,global_exact_retrieval,E3,baseline_comparison,overall_metrics,color_histogram_minus_random,color_histogram,random,delta_ndcg_at_10,0.412259585302,280,caption_query,results/v2/evaluacion/baselines_v2/comparacion_baselines_v2.csv
7,global_exact_retrieval,E3,baseline_comparison,overall_metrics,color_histogram_minus_random,color_histogram,random,delta_positive_margin,0.210775494090,280,caption_query,results/v2/evaluacion/baselines_v2/comparacion_baselines_v2.csv
8,global_exact_retrieval,E3,baseline_comparison,overall_metrics,openclip_minus_color_histogram,openclip,color_histogram,delta_recall_at_1,0.110714285714,280,caption_query,results/v2/evaluacion/baselines_v2/comparacion_baselines_v2.csv
9,global_exact_retrieval,E3,baseline_comparison,overall_metrics,openclip_minus_color_histogram,openclip,color_histogram,delta_mrr,0.122344097527,280,caption_query,results/v2/evaluacion/baselines_v2/comparacion_baselines_v2.csv
10,global_exact_retrieval,E3,baseline_comparison,overall_metrics,openclip_minus_color_histogram,openclip,color_histogram,delta_ndcg_at_10,0.087125406217,280,caption_query,results/v2/evaluacion/baselines_v2/comparacion_baselines_v2.csv
11,global_exact_retrieval,E3,baseline_comparison,overall_metrics,openclip_minus_color_histogram,openclip,color_histogram,delta_positive_margin,0.250953748663,280,caption_query,results/v2/evaluacion/baselines_v2/comparacion_baselines_v2.csv
12,hard_negative_forced_choice,E2,hard_negative_forced_choice,overall_metrics,positive_vs_hard_negatives,positive_candidate,hard_negative_candidate,mean_paired_difference,0.025734035431,224,positive_negative_pair,results/v2/evaluacion/hard_negatives_openclip_v2/resumen_hard_negatives_openclip_v2.json
13,hard_negative_forced_choice,E2,hard_negative_forced_choice,overall_metrics,positive_vs_hard_negatives,positive_candidate,hard_negative_candidate,pairwise_win_rate,0.834821428571,224,positive_negative_pair,results/v2/evaluacion/hard_negatives_openclip_v2/resumen_hard_negatives_openclip_v2.json
14,structural_multi_relevance,E4,color_ablations,paired_overall_differences,grayscale_effect_with_full_caption,grayscale_image_full_caption,original_image_full_caption,delta_structural_hit_at_1,0.053571428571,40,structural_caption_group,results/v2/evaluacion/ablaciones_v2/agregados_comparaciones_estructurales_v2.csv
15,structural_multi_relevance,E4,color_ablations,paired_overall_differences,grayscale_effect_with_full_caption,grayscale_image_full_caption,original_image_full_caption,delta_structural_hit_at_5,-0.321428571429,40,structural_caption_group,results/v2/evaluacion/ablaciones_v2/agregados_comparaciones_estructurales_v2.csv
16,structural_multi_relevance,E4,color_ablations,paired_overall_differences,grayscale_effect_with_full_caption,grayscale_image_full_caption,original_image_full_caption,delta_structural_fractional_recall_at_5,0.059693877551,40,structural_caption_group,results/v2/evaluacion/ablaciones_v2/agregados_comparaciones_estructurales_v2.csv
17,structural_multi_relevance,E4,color_ablations,paired_overall_differences,grayscale_effect_with_full_caption,grayscale_image_full_caption,original_image_full_caption,delta_structural_mrr,-0.056217759894,40,structural_caption_group,results/v2/evaluacion/ablaciones_v2/agregados_comparaciones_estructurales_v2.csv
18,structural_multi_relevance,E4,color_ablations,paired_overall_differences,grayscale_effect_with_full_caption,grayscale_image_full_caption,original_image_full_caption,delta_structural_ndcg_at_10,0.082859542903,40,structural_caption_group,results/v2/evaluacion/ablaciones_v2/agregados_comparaciones_estructurales_v2.csv
19,structural_multi_relevance,E4,color_ablations,paired_overall_differences,grayscale_effect_with_full_caption,grayscale_image_full_caption,original_image_full_caption,delta_best_relevant_margin,0.004443152382,40,structural_caption_group,results/v2/evaluacion/ablaciones_v2/agregados_comparaciones_estructurales_v2.csv
20,structural_multi_relevance,E4,color_ablations,paired_overall_differences,remove_text_color_with_original_image,original_image_caption_without_color,original_image_full_caption,delta_structural_hit_at_1,0.035714285714,40,structural_caption_group,results/v2/evaluacion/ablaciones_v2/agregados_comparaciones_estructurales_v2.csv
21,structural_multi_relevance,E4,color_ablations,paired_overall_differences,remove_text_color_with_original_image,original_image_caption_without_color,original_image_full_caption,delta_structural_hit_at_5,-0.332142857143,40,structural_caption_group,results/v2/evaluacion/ablaciones_v2/agregados_comparaciones_estructurales_v2.csv
22,structural_multi_relevance,E4,color_ablations,paired_overall_differences,remove_text_color_with_original_image,original_image_caption_without_color,original_image_full_caption,delta_structural_fractional_recall_at_5,0.092346938776,40,structural_caption_group,results/v2/evaluacion/ablaciones_v2/agregados_comparaciones_estructurales_v2.csv
23,structural_multi_relevance,E4,color_ablations,paired_overall_differences,remove_text_color_with_original_image,original_image_caption_without_color,original_image_full_caption,delta_structural_mrr,-0.057162558705,40,structural_caption_group,results/v2/evaluacion/ablaciones_v2/agregados_comparaciones_estructurales_v2.csv
24,structural_multi_relevance,E4,color_ablations,paired_overall_differences,remove_text_color_with_original_image,original_image_caption_without_color,original_image_full_caption,delta_structural_ndcg_at_10,0.125467876189,40,structural_caption_group,results/v2/evaluacion/ablaciones_v2/agregados_comparaciones_estructurales_v2.csv
25,structural_multi_relevance,E4,color_ablations,paired_overall_differences,remove_text_color_with_original_image,original_image_caption_without_color,original_image_full_caption,delta_best_relevant_margin,0.009721973432,40,structural_caption_group,results/v2/evaluacion/ablaciones_v2/agregados_comparaciones_estructurales_v2.csv
26,structural_multi_relevance,E4,color_ablations,paired_overall_differences,remove_text_color_with_grayscale_image,grayscale_image_caption_without_color,grayscale_image_full_caption,delta_structural_hit_at_1,0.132142857143,40,structural_caption_group,results/v2/evaluacion/ablaciones_v2/agregados_comparaciones_estructurales_v2.csv
27,structural_multi_relevance,E4,color_ablations,paired_overall_differences,remove_text_color_with_grayscale_image,grayscale_image_caption_without_color,grayscale_image_full_caption,delta_structural_hit_at_5,0.014285714286,40,structural_caption_group,results/v2/evaluacion/ablaciones_v2/agregados_comparaciones_estructurales_v2.csv
28,structural_multi_relevance,E4,color_ablations,paired_overall_differences,remove_text_color_with_grayscale_image,grayscale_image_caption_without_color,grayscale_image_full_caption,delta_structural_fractional_recall_at_5,0.039795918367,40,structural_caption_group,results/v2/evaluacion/ablaciones_v2/agregados_comparaciones_estructurales_v2.csv
29,structural_multi_relevance,E4,color_ablations,paired_overall_differences,remove_text_color_with_grayscale_image,grayscale_image_caption_without_color,grayscale_image_full_caption,delta_structural_mrr,0.079719619216,40,structural_caption_group,results/v2/evaluacion/ablaciones_v2/agregados_comparaciones_estructurales_v2.csv
30,structural_multi_relevance,E4,color_ablations,paired_overall_differences,remove_text_color_with_grayscale_image,grayscale_image_caption_without_color,grayscale_image_full_caption,delta_structural_ndcg_at_10,0.051698918010,40,structural_caption_group,results/v2/evaluacion/ablaciones_v2/agregados_comparaciones_estructurales_v2.csv
31,structural_multi_relevance,E4,color_ablations,paired_overall_differences,remove_text_color_with_grayscale_image,grayscale_image_caption_without_color,grayscale_image_full_caption,delta_best_relevant_margin,0.007714703067,40,structural_caption_group,results/v2/evaluacion/ablaciones_v2/agregados_comparaciones_estructurales_v2.csv
32,structural_multi_relevance,E4,color_ablations,paired_overall_differences,remove_visual_and_text_color,grayscale_image_caption_without_color,original_image_full_caption,delta_structural_hit_at_1,0.185714285714,40,structural_caption_group,results/v2/evaluacion/ablaciones_v2/agregados_comparaciones_estructurales_v2.csv
33,structural_multi_relevance,E4,color_ablations,paired_overall_differences,remove_visual_and_text_color,grayscale_image_caption_without_color,original_image_full_caption,delta_structural_hit_at_5,-0.307142857143,40,structural_caption_group,results/v2/evaluacion/ablaciones_v2/agregados_comparaciones_estructurales_v2.csv
34,structural_multi_relevance,E4,color_ablations,paired_overall_differences,remove_visual_and_text_color,grayscale_image_caption_without_color,original_image_full_caption,delta_structural_fractional_recall_at_5,0.099489795919,40,structural_caption_group,results/v2/evaluacion/ablaciones_v2/agregados_comparaciones_estructurales_v2.csv
35,structural_multi_relevance,E4,color_ablations,paired_overall_differences,remove_visual_and_text_color,grayscale_image_caption_without_color,original_image_full_caption,delta_structural_mrr,0.023501859322,40,structural_caption_group,results/v2/evaluacion/ablaciones_v2/agregados_comparaciones_estructurales_v2.csv
36,structural_multi_relevance,E4,color_ablations,paired_overall_differences,remove_visual_and_text_color,grayscale_image_caption_without_color,original_image_full_caption,delta_structural_ndcg_at_10,0.134558460913,40,structural_caption_group,results/v2/evaluacion/ablaciones_v2/agregados_comparaciones_estructurales_v2.csv
37,structural_multi_relevance,E4,color_ablations,paired_overall_differences,remove_visual_and_text_color,grayscale_image_caption_without_color,original_image_full_caption,delta_best_relevant_margin,0.012157855449,40,structural_caption_group,results/v2/evaluacion/ablaciones_v2/agregados_comparaciones_estructurales_v2.csv
